date,trend,vol,rates,credit,combined
2010-01-04,unknown,mid,unknown,unknown,vol=mid
2010-01-05,unknown,mid,unknown,unknown,vol=mid
2010-01-06,unknown,mid,unknown,unknown,vol=mid
2010-01-07,unknown,mid,unknown,unknown,vol=mid
2010-01-08,unknown,mid,unknown,unknown,vol=mid
2010-01-11,unknown,mid,unknown,unknown,vol=mid
2010-01-12,unknown,mid,unknown,unknown,vol=mid
2010-01-13,unknown,mid,unknown,unknown,vol=mid
2010-01-14,unknown,mid,unknown,unknown,vol=mid
2010-01-15,unknown,mid,unknown,unknown,vol=mid
2010-01-19,unknown,mid,unknown,unknown,vol=mid
2010-01-20,unknown,mid,unknown,unknown,vol=mid
2010-01-21,unknown,mid,unknown,unknown,vol=mid
2010-01-22,unknown,high,unknown,unknown,vol=high
2010-01-25,unknown,high,unknown,unknown,vol=high
2010-01-26,unknown,mid,unknown,unknown,vol=mid
2010-01-27,unknown,mid,unknown,unknown,vol=mid
2010-01-28,unknown,mid,unknown,unknown,vol=mid
2010-01-29,unknown,mid,unknown,unknown,vol=mid
2010-02-01,unknown,mid,unknown,unknown,vol=mid
2010-02-02,unknown,mid,unknown,unknown,vol=mid
2010-02-03,down,mid,stable,risk_off,trend=down|vol=mid|rates=stable|credit=risk_off
2010-02-04,down,high,stable,risk_off,trend=down|vol=high|rates=stable|credit=risk_off
2010-02-05,down,high,down,risk_off,trend=down|vol=high|rates=down|credit=risk_off
2010-02-08,down,high,down,risk_off,trend=down|vol=high|rates=down|credit=risk_off
2010-02-09,down,high,stable,risk_off,trend=down|vol=high|rates=stable|credit=risk_off
2010-02-10,down,high,stable,risk_off,trend=down|vol=high|rates=stable|credit=risk_off
2010-02-11,down,mid,stable,risk_off,trend=down|vol=mid|rates=stable|credit=risk_off
2010-02-12,down,mid,stable,risk_off,trend=down|vol=mid|rates=stable|credit=risk_off
2010-02-16,down,mid,stable,risk_off,trend=down|vol=mid|rates=stable|credit=risk_off
2010-02-17,down,mid,stable,risk_off,trend=down|vol=mid|rates=stable|credit=risk_off
2010-02-18,down,mid,stable,risk_off,trend=down|vol=mid|rates=stable|credit=risk_off
2010-02-19,down,mid,stable,neutral,trend=down|vol=mid|rates=stable|credit=neutral
2010-02-22,flat,mid,stable,neutral,trend=flat|vol=mid|rates=stable|credit=neutral
2010-02-23,flat,mid,stable,neutral,trend=flat|vol=mid|rates=stable|credit=neutral
2010-02-24,flat,mid,stable,neutral,trend=flat|vol=mid|rates=stable|credit=neutral
2010-02-25,flat,mid,stable,neutral,trend=flat|vol=mid|rates=stable|credit=neutral
2010-02-26,flat,mid,stable,neutral,trend=flat|vol=mid|rates=stable|credit=neutral
2010-03-01,up,mid,stable,neutral,trend=up|vol=mid|rates=stable|credit=neutral
2010-03-02,up,mid,stable,risk_on,trend=up|vol=mid|rates=stable|credit=risk_on
2010-03-03,up,mid,stable,neutral,trend=up|vol=mid|rates=stable|credit=neutral
2010-03-04,up,mid,stable,neutral,trend=up|vol=mid|rates=stable|credit=neutral
2010-03-05,up,mid,stable,neutral,trend=up|vol=mid|rates=stable|credit=neutral
2010-03-08,up,mid,stable,risk_on,trend=up|vol=mid|rates=stable|credit=risk_on
2010-03-09,up,mid,stable,risk_on,trend=up|vol=mid|rates=stable|credit=risk_on
2010-03-10,up,mid,stable,risk_on,trend=up|vol=mid|rates=stable|credit=risk_on
2010-03-11,up,mid,stable,risk_on,trend=up|vol=mid|rates=stable|credit=risk_on
2010-03-12,up,mid,stable,risk_on,trend=up|vol=mid|rates=stable|credit=risk_on
2010-03-15,up,mid,stable,risk_on,trend=up|vol=mid|rates=stable|credit=risk_on
2010-03-16,up,mid,stable,risk_on,trend=up|vol=mid|rates=stable|credit=risk_on
2010-03-17,up,mid,stable,risk_on,trend=up|vol=mid|rates=stable|credit=risk_on
2010-03-18,up,mid,stable,risk_on,trend=up|vol=mid|rates=stable|credit=risk_on
2010-03-19,up,mid,stable,neutral,trend=up|vol=mid|rates=stable|credit=neutral
2010-03-22,up,mid,stable,neutral,trend=up|vol=mid|rates=stable|credit=neutral
2010-03-23,up,mid,stable,neutral,trend=up|vol=mid|rates=stable|credit=neutral
2010-03-24,up,mid,stable,risk_on,trend=up|vol=mid|rates=stable|credit=risk_on
2010-03-25,up,mid,up,risk_on,trend=up|vol=mid|rates=up|credit=risk_on
2010-03-26,up,mid,up,risk_on,trend=up|vol=mid|rates=up|credit=risk_on
2010-03-29,up,mid,up,risk_on,trend=up|vol=mid|rates=up|credit=risk_on
2010-03-30,up,mid,up,risk_on,trend=up|vol=mid|rates=up|credit=risk_on
2010-03-31,up,mid,up,risk_on,trend=up|vol=mid|rates=up|credit=risk_on
2010-04-01,up,mid,up,neutral,trend=up|vol=mid|rates=up|credit=neutral
2010-04-02,,,up,,rates=up
2010-04-05,up,mid,up,risk_on,trend=up|vol=mid|rates=up|credit=risk_on
2010-04-06,up,mid,up,risk_on,trend=up|vol=mid|rates=up|credit=risk_on
2010-04-07,up,mid,stable,risk_on,trend=up|vol=mid|rates=stable|credit=risk_on
2010-04-08,up,mid,stable,neutral,trend=up|vol=mid|rates=stable|credit=neutral
2010-04-09,up,mid,stable,risk_on,trend=up|vol=mid|rates=stable|credit=risk_on
2010-04-12,up,low,stable,neutral,trend=up|vol=low|rates=stable|credit=neutral
2010-04-13,up,mid,stable,neutral,trend=up|vol=mid|rates=stable|credit=neutral
2010-04-14,up,low,up,risk_on,trend=up|vol=low|rates=up|credit=risk_on
2010-04-15,up,low,up,risk_on,trend=up|vol=low|rates=up|credit=risk_on
2010-04-16,up,mid,stable,neutral,trend=up|vol=mid|rates=stable|credit=neutral
2010-04-19,up,mid,stable,neutral,trend=up|vol=mid|rates=stable|credit=neutral
2010-04-20,up,low,stable,risk_on,trend=up|vol=low|rates=stable|credit=risk_on
2010-04-21,up,mid,stable,risk_on,trend=up|vol=mid|rates=stable|credit=risk_on
2010-04-22,up,mid,stable,risk_on,trend=up|vol=mid|rates=stable|credit=risk_on
2010-04-23,up,mid,stable,risk_on,trend=up|vol=mid|rates=stable|credit=risk_on
2010-04-26,up,mid,stable,neutral,trend=up|vol=mid|rates=stable|credit=neutral
2010-04-27,flat,mid,stable,neutral,trend=flat|vol=mid|rates=stable|credit=neutral
2010-04-28,flat,mid,stable,neutral,trend=flat|vol=mid|rates=stable|credit=neutral
2010-04-29,up,mid,stable,neutral,trend=up|vol=mid|rates=stable|credit=neutral
2010-04-30,flat,mid,down,neutral,trend=flat|vol=mid|rates=down|credit=neutral
2010-05-03,up,mid,down,neutral,trend=up|vol=mid|rates=down|credit=neutral
2010-05-04,flat,mid,down,risk_off,trend=flat|vol=mid|rates=down|credit=risk_off
2010-05-05,flat,mid,down,risk_off,trend=flat|vol=mid|rates=down|credit=risk_off
2010-05-06,down,high,down,risk_off,trend=down|vol=high|rates=down|credit=risk_off
2010-05-07,down,high,down,risk_off,trend=down|vol=high|rates=down|credit=risk_off
2010-05-10,down,high,down,risk_off,trend=down|vol=high|rates=down|credit=risk_off
2010-05-11,down,high,down,risk_off,trend=down|vol=high|rates=down|credit=risk_off
2010-05-12,flat,high,down,risk_off,trend=flat|vol=high|rates=down|credit=risk_off
2010-05-13,down,high,down,risk_off,trend=down|vol=high|rates=down|credit=risk_off
2010-05-14,down,high,down,risk_off,trend=down|vol=high|rates=down|credit=risk_off
2010-05-17,down,high,down,risk_off,trend=down|vol=high|rates=down|credit=risk_off
2010-05-18,down,high,down,risk_off,trend=down|vol=high|rates=down|credit=risk_off
2010-05-19,down,high,down,risk_off,trend=down|vol=high|rates=down|credit=risk_off
2010-05-20,down,high,down,risk_off,trend=down|vol=high|rates=down|credit=risk_off
2010-05-21,down,high,down,risk_off,trend=down|vol=high|rates=down|credit=risk_off
2010-05-24,down,high,down,risk_off,trend=down|vol=high|rates=down|credit=risk_off
2010-05-25,down,high,down,risk_off,trend=down|vol=high|rates=down|credit=risk_off
2010-05-26,down,high,down,risk_off,trend=down|vol=high|rates=down|credit=risk_off
2010-05-27,down,high,down,risk_off,trend=down|vol=high|rates=down|credit=risk_off
2010-05-28,down,high,down,risk_off,trend=down|vol=high|rates=down|credit=risk_off
2010-06-01,down,high,down,risk_off,trend=down|vol=high|rates=down|credit=risk_off
2010-06-02,down,high,down,risk_off,trend=down|vol=high|rates=down|credit=risk_off
2010-06-03,down,high,down,risk_off,trend=down|vol=high|rates=down|credit=risk_off
2010-06-04,down,high,down,risk_off,trend=down|vol=high|rates=down|credit=risk_off
2010-06-07,down,high,down,risk_off,trend=down|vol=high|rates=down|credit=risk_off
2010-06-08,down,high,down,risk_off,trend=down|vol=high|rates=down|credit=risk_off
2010-06-09,down,high,down,risk_off,trend=down|vol=high|rates=down|credit=risk_off
2010-06-10,down,high,down,risk_off,trend=down|vol=high|rates=down|credit=risk_off
2010-06-11,down,high,down,risk_off,trend=down|vol=high|rates=down|credit=risk_off
2010-06-14,down,high,down,risk_off,trend=down|vol=high|rates=down|credit=risk_off
2010-06-15,flat,high,stable,neutral,trend=flat|vol=high|rates=stable|credit=neutral
2010-06-16,flat,high,down,neutral,trend=flat|vol=high|rates=down|credit=neutral
2010-06-17,flat,high,stable,neutral,trend=flat|vol=high|rates=stable|credit=neutral
2010-06-18,flat,mid,stable,risk_on,trend=flat|vol=mid|rates=stable|credit=risk_on
2010-06-21,up,mid,stable,risk_on,trend=up|vol=mid|rates=stable|credit=risk_on
2010-06-22,flat,high,stable,risk_on,trend=flat|vol=high|rates=stable|credit=risk_on
2010-06-23,flat,high,stable,neutral,trend=flat|vol=high|rates=stable|credit=neutral
2010-06-24,flat,high,stable,neutral,trend=flat|vol=high|rates=stable|credit=neutral
2010-06-25,flat,high,stable,risk_on,trend=flat|vol=high|rates=stable|credit=risk_on
2010-06-28,down,high,down,neutral,trend=down|vol=high|rates=down|credit=neutral
2010-06-29,down,high,down,risk_off,trend=down|vol=high|rates=down|credit=risk_off
2010-06-30,down,high,down,risk_off,trend=down|vol=high|rates=down|credit=risk_off
2010-07-01,down,high,down,risk_off,trend=down|vol=high|rates=down|credit=risk_off
2010-07-02,down,high,down,risk_off,trend=down|vol=high|rates=down|credit=risk_off
2010-07-06,down,high,down,neutral,trend=down|vol=high|rates=down|credit=neutral
2010-07-07,flat,high,stable,risk_on,trend=flat|vol=high|rates=stable|credit=risk_on
2010-07-08,flat,high,stable,risk_on,trend=flat|vol=high|rates=stable|credit=risk_on
2010-07-09,up,mid,stable,risk_on,trend=up|vol=mid|rates=stable|credit=risk_on
2010-07-12,flat,mid,down,neutral,trend=flat|vol=mid|rates=down|credit=neutral
2010-07-13,flat,mid,stable,risk_on,trend=flat|vol=mid|rates=stable|credit=risk_on
2010-07-14,flat,mid,down,neutral,trend=flat|vol=mid|rates=down|credit=neutral
2010-07-15,flat,high,down,neutral,trend=flat|vol=high|rates=down|credit=neutral
2010-07-16,down,high,down,neutral,trend=down|vol=high|rates=down|credit=neutral
2010-07-19,down,high,down,neutral,trend=down|vol=high|rates=down|credit=neutral
2010-07-20,down,mid,down,neutral,trend=down|vol=mid|rates=down|credit=neutral
2010-07-21,down,high,down,risk_off,trend=down|vol=high|rates=down|credit=risk_off
2010-07-22,flat,mid,down,risk_on,trend=flat|vol=mid|rates=down|credit=risk_on
2010-07-23,flat,mid,stable,risk_on,trend=flat|vol=mid|rates=stable|credit=risk_on
2010-07-26,up,mid,stable,risk_on,trend=up|vol=mid|rates=stable|credit=risk_on
2010-07-27,up,mid,stable,risk_on,trend=up|vol=mid|rates=stable|credit=risk_on
2010-07-28,up,mid,stable,risk_on,trend=up|vol=mid|rates=stable|credit=risk_on
2010-07-29,up,mid,stable,risk_on,trend=up|vol=mid|rates=stable|credit=risk_on
2010-07-30,up,mid,stable,risk_on,trend=up|vol=mid|rates=stable|credit=risk_on
2010-08-02,up,mid,stable,risk_on,trend=up|vol=mid|rates=stable|credit=risk_on
2010-08-03,up,mid,stable,risk_on,trend=up|vol=mid|rates=stable|credit=risk_on
2010-08-04,up,mid,stable,risk_on,trend=up|vol=mid|rates=stable|credit=risk_on
2010-08-05,up,mid,stable,risk_on,trend=up|vol=mid|rates=stable|credit=risk_on
2010-08-06,up,mid,stable,neutral,trend=up|vol=mid|rates=stable|credit=neutral
2010-08-09,up,mid,down,neutral,trend=up|vol=mid|rates=down|credit=neutral
2010-08-10,up,mid,down,neutral,trend=up|vol=mid|rates=down|credit=neutral
2010-08-11,flat,high,down,risk_off,trend=flat|vol=high|rates=down|credit=risk_off
2010-08-12,flat,high,down,risk_off,trend=flat|vol=high|rates=down|credit=risk_off
2010-08-13,flat,high,down,risk_off,trend=flat|vol=high|rates=down|credit=risk_off
2010-08-16,flat,high,down,risk_off,trend=flat|vol=high|rates=down|credit=risk_off
2010-08-17,up,mid,down,risk_off,trend=up|vol=mid|rates=down|credit=risk_off
2010-08-18,flat,mid,down,risk_off,trend=flat|vol=mid|rates=down|credit=risk_off
2010-08-19,flat,high,down,risk_off,trend=flat|vol=high|rates=down|credit=risk_off
2010-08-20,flat,high,down,risk_off,trend=flat|vol=high|rates=down|credit=risk_off
2010-08-23,down,high,down,risk_off,trend=down|vol=high|rates=down|credit=risk_off
2010-08-24,down,high,down,risk_off,trend=down|vol=high|rates=down|credit=risk_off
2010-08-25,down,high,down,risk_off,trend=down|vol=high|rates=down|credit=risk_off
2010-08-26,down,high,down,risk_off,trend=down|vol=high|rates=down|credit=risk_off
2010-08-27,down,mid,down,risk_off,trend=down|vol=mid|rates=down|credit=risk_off
2010-08-30,down,high,down,risk_off,trend=down|vol=high|rates=down|credit=risk_off
2010-08-31,down,high,down,risk_off,trend=down|vol=high|rates=down|credit=risk_off
2010-09-01,down,mid,down,risk_off,trend=down|vol=mid|rates=down|credit=risk_off
2010-09-02,down,mid,down,risk_off,trend=down|vol=mid|rates=down|credit=risk_off
2010-09-03,flat,mid,down,risk_off,trend=flat|vol=mid|rates=down|credit=risk_off
2010-09-07,down,mid,down,risk_off,trend=down|vol=mid|rates=down|credit=risk_off
2010-09-08,down,mid,stable,neutral,trend=down|vol=mid|rates=stable|credit=neutral
2010-09-09,flat,mid,stable,neutral,trend=flat|vol=mid|rates=stable|credit=neutral
2010-09-10,flat,mid,stable,risk_on,trend=flat|vol=mid|rates=stable|credit=risk_on
2010-09-13,up,mid,stable,risk_on,trend=up|vol=mid|rates=stable|credit=risk_on
2010-09-14,up,mid,stable,risk_on,trend=up|vol=mid|rates=stable|credit=risk_on
2010-09-15,up,mid,stable,risk_on,trend=up|vol=mid|rates=stable|credit=risk_on
2010-09-16,up,mid,stable,risk_on,trend=up|vol=mid|rates=stable|credit=risk_on
2010-09-17,up,mid,stable,risk_on,trend=up|vol=mid|rates=stable|credit=risk_on
2010-09-20,up,mid,stable,risk_on,trend=up|vol=mid|rates=stable|credit=risk_on
2010-09-21,up,mid,stable,risk_on,trend=up|vol=mid|rates=stable|credit=risk_on
2010-09-22,up,mid,stable,risk_on,trend=up|vol=mid|rates=stable|credit=risk_on
2010-09-23,up,mid,stable,risk_on,trend=up|vol=mid|rates=stable|credit=risk_on
2010-09-24,up,mid,stable,risk_on,trend=up|vol=mid|rates=stable|credit=risk_on
2010-09-27,up,mid,stable,risk_on,trend=up|vol=mid|rates=stable|credit=risk_on
2010-09-28,up,mid,stable,risk_on,trend=up|vol=mid|rates=stable|credit=risk_on
2010-09-29,up,mid,stable,risk_on,trend=up|vol=mid|rates=stable|credit=risk_on
2010-09-30,up,mid,stable,risk_on,trend=up|vol=mid|rates=stable|credit=risk_on
2010-10-01,up,mid,stable,risk_on,trend=up|vol=mid|rates=stable|credit=risk_on
2010-10-04,up,mid,stable,risk_on,trend=up|vol=mid|rates=stable|credit=risk_on
2010-10-05,up,mid,down,neutral,trend=up|vol=mid|rates=down|credit=neutral
2010-10-06,up,mid,stable,neutral,trend=up|vol=mid|rates=stable|credit=neutral
2010-10-07,up,mid,down,neutral,trend=up|vol=mid|rates=down|credit=neutral
2010-10-08,up,mid,down,neutral,trend=up|vol=mid|rates=down|credit=neutral
2010-10-11,up,mid,,neutral,trend=up|vol=mid|credit=neutral
2010-10-12,up,mid,down,neutral,trend=up|vol=mid|rates=down|credit=neutral
2010-10-13,up,mid,down,neutral,trend=up|vol=mid|rates=down|credit=neutral
2010-10-14,up,mid,stable,neutral,trend=up|vol=mid|rates=stable|credit=neutral
2010-10-15,up,mid,stable,risk_on,trend=up|vol=mid|rates=stable|credit=risk_on
2010-10-18,up,mid,down,neutral,trend=up|vol=mid|rates=down|credit=neutral
2010-10-19,up,mid,down,neutral,trend=up|vol=mid|rates=down|credit=neutral
2010-10-20,up,mid,down,risk_on,trend=up|vol=mid|rates=down|credit=risk_on
2010-10-21,up,mid,stable,risk_on,trend=up|vol=mid|rates=stable|credit=risk_on
2010-10-22,up,mid,stable,risk_on,trend=up|vol=mid|rates=stable|credit=risk_on
2010-10-25,up,mid,stable,risk_on,trend=up|vol=mid|rates=stable|credit=risk_on
2010-10-26,up,mid,stable,risk_on,trend=up|vol=mid|rates=stable|credit=risk_on
2010-10-27,up,mid,up,risk_on,trend=up|vol=mid|rates=up|credit=risk_on
2010-10-28,up,mid,up,risk_on,trend=up|vol=mid|rates=up|credit=risk_on
2010-10-29,up,mid,stable,risk_on,trend=up|vol=mid|rates=stable|credit=risk_on
2010-11-01,up,mid,stable,risk_on,trend=up|vol=mid|rates=stable|credit=risk_on
2010-11-02,up,mid,stable,risk_on,trend=up|vol=mid|rates=stable|credit=risk_on
2010-11-03,up,mid,stable,risk_on,trend=up|vol=mid|rates=stable|credit=risk_on
2010-11-04,up,mid,stable,risk_on,trend=up|vol=mid|rates=stable|credit=risk_on
2010-11-05,up,mid,stable,risk_on,trend=up|vol=mid|rates=stable|credit=risk_on
2010-11-08,up,mid,stable,risk_on,trend=up|vol=mid|rates=stable|credit=risk_on
2010-11-09,up,mid,up,risk_on,trend=up|vol=mid|rates=up|credit=risk_on
2010-11-10,up,mid,up,risk_on,trend=up|vol=mid|rates=up|credit=risk_on
2010-11-11,up,mid,,risk_on,trend=up|vol=mid|credit=risk_on
2010-11-12,up,mid,up,risk_on,trend=up|vol=mid|rates=up|credit=risk_on
2010-11-15,flat,mid,up,risk_on,trend=flat|vol=mid|rates=up|credit=risk_on
2010-11-16,flat,mid,up,risk_on,trend=flat|vol=mid|rates=up|credit=risk_on
2010-11-17,flat,mid,up,risk_on,trend=flat|vol=mid|rates=up|credit=risk_on
2010-11-18,flat,mid,up,risk_on,trend=flat|vol=mid|rates=up|credit=risk_on
2010-11-19,flat,mid,up,risk_on,trend=flat|vol=mid|rates=up|credit=risk_on
2010-11-22,flat,mid,up,neutral,trend=flat|vol=mid|rates=up|credit=neutral
2010-11-23,flat,mid,stable,neutral,trend=flat|vol=mid|rates=stable|credit=neutral
2010-11-24,flat,mid,up,neutral,trend=flat|vol=mid|rates=up|credit=neutral
2010-11-26,flat,mid,up,neutral,trend=flat|vol=mid|rates=up|credit=neutral
2010-11-29,flat,mid,stable,neutral,trend=flat|vol=mid|rates=stable|credit=neutral
2010-11-30,flat,mid,stable,neutral,trend=flat|vol=mid|rates=stable|credit=neutral
2010-12-01,up,mid,up,risk_on,trend=up|vol=mid|rates=up|credit=risk_on
2010-12-02,up,mid,up,risk_on,trend=up|vol=mid|rates=up|credit=risk_on
2010-12-03,up,mid,up,risk_on,trend=up|vol=mid|rates=up|credit=risk_on
2010-12-06,flat,mid,up,neutral,trend=flat|vol=mid|rates=up|credit=neutral
2010-12-07,flat,mid,up,risk_on,trend=flat|vol=mid|rates=up|credit=risk_on
2010-12-08,flat,mid,up,risk_on,trend=flat|vol=mid|rates=up|credit=risk_on
2010-12-09,flat,mid,up,risk_on,trend=flat|vol=mid|rates=up|credit=risk_on
2010-12-10,flat,mid,up,risk_on,trend=flat|vol=mid|rates=up|credit=risk_on
2010-12-13,up,mid,up,risk_on,trend=up|vol=mid|rates=up|credit=risk_on
2010-12-14,up,mid,up,risk_on,trend=up|vol=mid|rates=up|credit=risk_on
2010-12-15,up,mid,up,risk_on,trend=up|vol=mid|rates=up|credit=risk_on
2010-12-16,up,mid,up,risk_on,trend=up|vol=mid|rates=up|credit=risk_on
2010-12-17,up,mid,up,risk_on,trend=up|vol=mid|rates=up|credit=risk_on
2010-12-20,up,mid,up,risk_on,trend=up|vol=mid|rates=up|credit=risk_on
2010-12-21,up,mid,up,risk_on,trend=up|vol=mid|rates=up|credit=risk_on
2010-12-22,up,low,up,risk_on,trend=up|vol=low|rates=up|credit=risk_on
2010-12-23,up,mid,up,risk_on,trend=up|vol=mid|rates=up|credit=risk_on
2010-12-27,up,mid,up,risk_on,trend=up|vol=mid|rates=up|credit=risk_on
2010-12-28,up,mid,up,risk_on,trend=up|vol=mid|rates=up|credit=risk_on
2010-12-29,up,mid,up,risk_on,trend=up|vol=mid|rates=up|credit=risk_on
2010-12-30,up,mid,up,risk_on,trend=up|vol=mid|rates=up|credit=risk_on
2010-12-31,up,mid,up,risk_on,trend=up|vol=mid|rates=up|credit=risk_on
2011-01-03,up,mid,up,risk_on,trend=up|vol=mid|rates=up|credit=risk_on
2011-01-04,up,mid,up,risk_on,trend=up|vol=mid|rates=up|credit=risk_on
2011-01-05,up,mid,up,risk_on,trend=up|vol=mid|rates=up|credit=risk_on
2011-01-06,up,mid,up,risk_on,trend=up|vol=mid|rates=up|credit=risk_on
2011-01-07,up,mid,stable,neutral,trend=up|vol=mid|rates=stable|credit=neutral
2011-01-10,up,mid,stable,neutral,trend=up|vol=mid|rates=stable|credit=neutral
2011-01-11,up,mid,stable,neutral,trend=up|vol=mid|rates=stable|credit=neutral
2011-01-12,up,mid,stable,risk_on,trend=up|vol=mid|rates=stable|credit=risk_on
2011-01-13,up,mid,stable,neutral,trend=up|vol=mid|rates=stable|credit=neutral
2011-01-14,up,low,stable,neutral,trend=up|vol=low|rates=stable|credit=neutral
2011-01-18,up,low,stable,neutral,trend=up|vol=low|rates=stable|credit=neutral
2011-01-19,up,mid,stable,risk_on,trend=up|vol=mid|rates=stable|credit=risk_on
2011-01-20,up,mid,stable,risk_on,trend=up|vol=mid|rates=stable|credit=risk_on
2011-01-21,up,mid,stable,risk_on,trend=up|vol=mid|rates=stable|credit=risk_on
2011-01-24,up,mid,stable,risk_on,trend=up|vol=mid|rates=stable|credit=risk_on
2011-01-25,up,mid,stable,risk_on,trend=up|vol=mid|rates=stable|credit=risk_on
2011-01-26,up,mid,stable,risk_on,trend=up|vol=mid|rates=stable|credit=risk_on
2011-01-27,up,mid,stable,risk_on,trend=up|vol=mid|rates=stable|credit=risk_on
2011-01-28,flat,mid,stable,neutral,trend=flat|vol=mid|rates=stable|credit=neutral
2011-01-31,up,mid,stable,risk_on,trend=up|vol=mid|rates=stable|credit=risk_on
2011-02-01,up,mid,stable,risk_on,trend=up|vol=mid|rates=stable|credit=risk_on
2011-02-02,up,mid,stable,risk_on,trend=up|vol=mid|rates=stable|credit=risk_on
2011-02-03,up,mid,up,risk_on,trend=up|vol=mid|rates=up|credit=risk_on
2011-02-04,up,low,stable,risk_on,trend=up|vol=low|rates=stable|credit=risk_on
2011-02-07,up,mid,up,risk_on,trend=up|vol=mid|rates=up|credit=risk_on
2011-02-08,up,low,up,risk_on,trend=up|vol=low|rates=up|credit=risk_on
2011-02-09,up,low,up,risk_on,trend=up|vol=low|rates=up|credit=risk_on
2011-02-10,up,mid,up,risk_on,trend=up|vol=mid|rates=up|credit=risk_on
2011-02-11,up,low,up,risk_on,trend=up|vol=low|rates=up|credit=risk_on
2011-02-14,up,low,up,risk_on,trend=up|vol=low|rates=up|credit=risk_on
2011-02-15,up,mid,up,risk_on,trend=up|vol=mid|rates=up|credit=risk_on
2011-02-16,up,mid,up,risk_on,trend=up|vol=mid|rates=up|credit=risk_on
2011-02-17,up,mid,up,risk_on,trend=up|vol=mid|rates=up|credit=risk_on
2011-02-18,up,mid,stable,risk_on,trend=up|vol=mid|rates=stable|credit=risk_on
2011-02-22,up,mid,stable,neutral,trend=up|vol=mid|rates=stable|credit=neutral
2011-02-23,flat,mid,stable,neutral,trend=flat|vol=mid|rates=stable|credit=neutral
2011-02-24,flat,mid,stable,risk_on,trend=flat|vol=mid|rates=stable|credit=risk_on
2011-02-25,up,mid,stable,neutral,trend=up|vol=mid|rates=stable|credit=neutral
2011-02-28,up,mid,stable,neutral,trend=up|vol=mid|rates=stable|credit=neutral
2011-03-01,up,mid,stable,risk_on,trend=up|vol=mid|rates=stable|credit=risk_on
2011-03-02,flat,mid,stable,neutral,trend=flat|vol=mid|rates=stable|credit=neutral
2011-03-03,up,mid,stable,risk_on,trend=up|vol=mid|rates=stable|credit=risk_on
2011-03-04,flat,mid,stable,neutral,trend=flat|vol=mid|rates=stable|credit=neutral
2011-03-07,flat,mid,stable,neutral,trend=flat|vol=mid|rates=stable|credit=neutral
2011-03-08,flat,mid,stable,neutral,trend=flat|vol=mid|rates=stable|credit=neutral
2011-03-09,flat,mid,down,risk_off,trend=flat|vol=mid|rates=down|credit=risk_off
2011-03-10,flat,mid,down,risk_off,trend=flat|vol=mid|rates=down|credit=risk_off
2011-03-11,flat,mid,down,risk_off,trend=flat|vol=mid|rates=down|credit=risk_off
2011-03-14,flat,mid,down,risk_off,trend=flat|vol=mid|rates=down|credit=risk_off
2011-03-15,down,mid,down,risk_off,trend=down|vol=mid|rates=down|credit=risk_off
2011-03-16,down,high,down,risk_off,trend=down|vol=high|rates=down|credit=risk_off
2011-03-17,down,high,down,risk_off,trend=down|vol=high|rates=down|credit=risk_off
2011-03-18,down,mid,down,risk_off,trend=down|vol=mid|rates=down|credit=risk_off
2011-03-21,down,mid,down,risk_off,trend=down|vol=mid|rates=down|credit=risk_off
2011-03-22,down,mid,down,risk_off,trend=down|vol=mid|rates=down|credit=risk_off
2011-03-23,flat,mid,stable,neutral,trend=flat|vol=mid|rates=stable|credit=neutral
2011-03-24,flat,mid,stable,neutral,trend=flat|vol=mid|rates=stable|credit=neutral
2011-03-25,flat,mid,stable,neutral,trend=flat|vol=mid|rates=stable|credit=neutral
2011-03-28,flat,mid,stable,neutral,trend=flat|vol=mid|rates=stable|credit=neutral
2011-03-29,flat,mid,stable,neutral,trend=flat|vol=mid|rates=stable|credit=neutral
2011-03-30,flat,mid,stable,neutral,trend=flat|vol=mid|rates=stable|credit=neutral
2011-03-31,flat,mid,stable,neutral,trend=flat|vol=mid|rates=stable|credit=neutral
2011-04-01,flat,mid,stable,risk_off,trend=flat|vol=mid|rates=stable|credit=risk_off
2011-04-04,flat,mid,stable,neutral,trend=flat|vol=mid|rates=stable|credit=neutral
2011-04-05,flat,mid,stable,neutral,trend=flat|vol=mid|rates=stable|credit=neutral
2011-04-06,flat,mid,stable,neutral,trend=flat|vol=mid|rates=stable|credit=neutral
2011-04-07,flat,mid,stable,neutral,trend=flat|vol=mid|rates=stable|credit=neutral
2011-04-08,up,mid,up,risk_on,trend=up|vol=mid|rates=up|credit=risk_on
2011-04-11,flat,mid,stable,risk_on,trend=flat|vol=mid|rates=stable|credit=risk_on
2011-04-12,flat,mid,stable,risk_on,trend=flat|vol=mid|rates=stable|credit=risk_on
2011-04-13,up,mid,stable,risk_on,trend=up|vol=mid|rates=stable|credit=risk_on
2011-04-14,up,mid,up,risk_on,trend=up|vol=mid|rates=up|credit=risk_on
2011-04-15,up,low,stable,risk_on,trend=up|vol=low|rates=stable|credit=risk_on
2011-04-18,up,mid,stable,neutral,trend=up|vol=mid|rates=stable|credit=neutral
2011-04-19,flat,low,stable,neutral,trend=flat|vol=low|rates=stable|credit=neutral
2011-04-20,up,low,stable,neutral,trend=up|vol=low|rates=stable|credit=neutral
2011-04-21,up,low,stable,neutral,trend=up|vol=low|rates=stable|credit=neutral
2011-04-25,up,low,stable,neutral,trend=up|vol=low|rates=stable|credit=neutral
2011-04-26,up,low,stable,neutral,trend=up|vol=low|rates=stable|credit=neutral
2011-04-27,up,low,stable,neutral,trend=up|vol=low|rates=stable|credit=neutral
2011-04-28,up,low,stable,neutral,trend=up|vol=low|rates=stable|credit=neutral
2011-04-29,up,low,stable,neutral,trend=up|vol=low|rates=stable|credit=neutral
2011-05-02,up,low,stable,risk_off,trend=up|vol=low|rates=stable|credit=risk_off
2011-05-03,flat,mid,stable,neutral,trend=flat|vol=mid|rates=stable|credit=neutral
2011-05-04,flat,mid,down,risk_off,trend=flat|vol=mid|rates=down|credit=risk_off
2011-05-05,flat,mid,down,risk_off,trend=flat|vol=mid|rates=down|credit=risk_off
2011-05-06,flat,mid,down,risk_off,trend=flat|vol=mid|rates=down|credit=risk_off
2011-05-09,flat,mid,down,risk_off,trend=flat|vol=mid|rates=down|credit=risk_off
2011-05-10,up,low,down,risk_off,trend=up|vol=low|rates=down|credit=risk_off
2011-05-11,flat,mid,down,risk_off,trend=flat|vol=mid|rates=down|credit=risk_off
2011-05-12,up,mid,down,neutral,trend=up|vol=mid|rates=down|credit=neutral
2011-05-13,flat,mid,down,risk_off,trend=flat|vol=mid|rates=down|credit=risk_off
2011-05-16,flat,mid,down,risk_off,trend=flat|vol=mid|rates=down|credit=risk_off
2011-05-17,flat,mid,down,risk_off,trend=flat|vol=mid|rates=down|credit=risk_off
2011-05-18,up,mid,down,neutral,trend=up|vol=mid|rates=down|credit=neutral
2011-05-19,up,low,down,neutral,trend=up|vol=low|rates=down|credit=neutral
2011-05-20,flat,mid,down,neutral,trend=flat|vol=mid|rates=down|credit=neutral
2011-05-23,flat,mid,down,risk_off,trend=flat|vol=mid|rates=down|credit=risk_off
2011-05-24,flat,mid,down,risk_off,trend=flat|vol=mid|rates=down|credit=risk_off
2011-05-25,flat,mid,down,risk_off,trend=flat|vol=mid|rates=down|credit=risk_off
2011-05-26,flat,mid,down,risk_off,trend=flat|vol=mid|rates=down|credit=risk_off
2011-05-27,flat,low,down,risk_off,trend=flat|vol=low|rates=down|credit=risk_off
2011-05-31,flat,low,down,risk_off,trend=flat|vol=low|rates=down|credit=risk_off
2011-06-01,down,mid,down,risk_off,trend=down|vol=mid|rates=down|credit=risk_off
2011-06-02,down,mid,down,risk_off,trend=down|vol=mid|rates=down|credit=risk_off
2011-06-03,down,mid,down,risk_off,trend=down|vol=mid|rates=down|credit=risk_off
2011-06-06,down,mid,stable,neutral,trend=down|vol=mid|rates=stable|credit=neutral
2011-06-07,down,mid,stable,risk_off,trend=down|vol=mid|rates=stable|credit=risk_off
2011-06-08,down,mid,stable,risk_off,trend=down|vol=mid|rates=stable|credit=risk_off
2011-06-09,down,mid,down,risk_off,trend=down|vol=mid|rates=down|credit=risk_off
2011-06-10,down,mid,stable,risk_off,trend=down|vol=mid|rates=stable|credit=risk_off
2011-06-13,down,mid,down,risk_off,trend=down|vol=mid|rates=down|credit=risk_off
2011-06-14,down,mid,stable,risk_off,trend=down|vol=mid|rates=stable|credit=risk_off
2011-06-15,down,mid,stable,risk_off,trend=down|vol=mid|rates=stable|credit=risk_off
2011-06-16,down,mid,stable,risk_off,trend=down|vol=mid|rates=stable|credit=risk_off
2011-06-17,down,mid,down,risk_off,trend=down|vol=mid|rates=down|credit=risk_off
2011-06-20,down,mid,stable,risk_off,trend=down|vol=mid|rates=stable|credit=risk_off
2011-06-21,down,mid,stable,risk_off,trend=down|vol=mid|rates=stable|credit=risk_off
2011-06-22,down,mid,stable,risk_off,trend=down|vol=mid|rates=stable|credit=risk_off
2011-06-23,down,mid,stable,risk_off,trend=down|vol=mid|rates=stable|credit=risk_off
2011-06-24,down,mid,down,risk_off,trend=down|vol=mid|rates=down|credit=risk_off
2011-06-27,down,mid,stable,risk_off,trend=down|vol=mid|rates=stable|credit=risk_off
2011-06-28,down,mid,stable,risk_off,trend=down|vol=mid|rates=stable|credit=risk_off
2011-06-29,down,mid,stable,neutral,trend=down|vol=mid|rates=stable|credit=neutral
2011-06-30,flat,mid,up,risk_on,trend=flat|vol=mid|rates=up|credit=risk_on
2011-07-01,up,low,stable,neutral,trend=up|vol=low|rates=stable|credit=neutral
2011-07-05,up,mid,stable,risk_on,trend=up|vol=mid|rates=stable|credit=risk_on
2011-07-06,up,mid,stable,risk_on,trend=up|vol=mid|rates=stable|credit=risk_on
2011-07-07,up,low,stable,risk_on,trend=up|vol=low|rates=stable|credit=risk_on
2011-07-08,up,low,stable,risk_on,trend=up|vol=low|rates=stable|credit=risk_on
2011-07-11,up,mid,stable,neutral,trend=up|vol=mid|rates=stable|credit=neutral
2011-07-12,up,mid,stable,neutral,trend=up|vol=mid|rates=stable|credit=neutral
2011-07-13,up,mid,stable,risk_on,trend=up|vol=mid|rates=stable|credit=risk_on
2011-07-14,flat,mid,stable,neutral,trend=flat|vol=mid|rates=stable|credit=neutral
2011-07-15,up,mid,stable,risk_on,trend=up|vol=mid|rates=stable|credit=risk_on
2011-07-18,up,mid,stable,risk_on,trend=up|vol=mid|rates=stable|credit=risk_on
2011-07-19,up,mid,stable,risk_on,trend=up|vol=mid|rates=stable|credit=risk_on
2011-07-20,up,mid,stable,risk_on,trend=up|vol=mid|rates=stable|credit=risk_on
2011-07-21,up,mid,stable,risk_on,trend=up|vol=mid|rates=stable|credit=risk_on
2011-07-22,up,mid,stable,risk_on,trend=up|vol=mid|rates=stable|credit=risk_on
2011-07-25,up,mid,stable,risk_on,trend=up|vol=mid|rates=stable|credit=risk_on
2011-07-26,up,mid,stable,risk_on,trend=up|vol=mid|rates=stable|credit=risk_on
2011-07-27,up,mid,stable,risk_on,trend=up|vol=mid|rates=stable|credit=risk_on
2011-07-28,flat,mid,stable,neutral,trend=flat|vol=mid|rates=stable|credit=neutral
2011-07-29,flat,high,down,risk_off,trend=flat|vol=high|rates=down|credit=risk_off
2011-08-01,down,mid,down,risk_off,trend=down|vol=mid|rates=down|credit=risk_off
2011-08-02,down,mid,down,risk_off,trend=down|vol=mid|rates=down|credit=risk_off
2011-08-03,down,mid,down,risk_off,trend=down|vol=mid|rates=down|credit=risk_off
2011-08-04,down,high,down,risk_off,trend=down|vol=high|rates=down|credit=risk_off
2011-08-05,down,high,down,risk_off,trend=down|vol=high|rates=down|credit=risk_off
2011-08-08,down,high,down,risk_off,trend=down|vol=high|rates=down|credit=risk_off
2011-08-09,down,high,down,risk_off,trend=down|vol=high|rates=down|credit=risk_off
2011-08-10,down,high,down,risk_off,trend=down|vol=high|rates=down|credit=risk_off
2011-08-11,down,high,down,risk_off,trend=down|vol=high|rates=down|credit=risk_off
2011-08-12,down,high,down,risk_off,trend=down|vol=high|rates=down|credit=risk_off
2011-08-15,down,high,down,risk_off,trend=down|vol=high|rates=down|credit=risk_off
2011-08-16,down,high,down,risk_off,trend=down|vol=high|rates=down|credit=risk_off
2011-08-17,down,high,down,risk_off,trend=down|vol=high|rates=down|credit=risk_off
2011-08-18,down,high,down,risk_off,trend=down|vol=high|rates=down|credit=risk_off
2011-08-19,down,high,down,risk_off,trend=down|vol=high|rates=down|credit=risk_off
2011-08-22,down,high,down,risk_off,trend=down|vol=high|rates=down|credit=risk_off
2011-08-23,down,high,down,risk_off,trend=down|vol=high|rates=down|credit=risk_off
2011-08-24,down,high,down,risk_off,trend=down|vol=high|rates=down|credit=risk_off
2011-08-25,down,high,down,risk_off,trend=down|vol=high|rates=down|credit=risk_off
2011-08-26,down,high,down,risk_off,trend=down|vol=high|rates=down|credit=risk_off
2011-08-29,down,high,down,risk_off,trend=down|vol=high|rates=down|credit=risk_off
2011-08-30,down,high,down,risk_off,trend=down|vol=high|rates=down|credit=risk_off
2011-08-31,down,high,down,neutral,trend=down|vol=high|rates=down|credit=neutral
2011-09-01,down,high,down,risk_off,trend=down|vol=high|rates=down|credit=risk_off
2011-09-02,down,high,down,risk_on,trend=down|vol=high|rates=down|credit=risk_on
2011-09-06,down,high,down,risk_off,trend=down|vol=high|rates=down|credit=risk_off
2011-09-07,up,high,down,risk_on,trend=up|vol=high|rates=down|credit=risk_on
2011-09-08,flat,high,down,neutral,trend=flat|vol=high|rates=down|credit=neutral
2011-09-09,up,high,down,risk_on,trend=up|vol=high|rates=down|credit=risk_on
2011-09-12,flat,high,down,risk_off,trend=flat|vol=high|rates=down|credit=risk_off
2011-09-13,flat,high,down,neutral,trend=flat|vol=high|rates=down|credit=neutral
2011-09-14,flat,high,down,neutral,trend=flat|vol=high|rates=down|credit=neutral
2011-09-15,flat,high,stable,risk_on,trend=flat|vol=high|rates=stable|credit=risk_on
2011-09-16,up,high,stable,neutral,trend=up|vol=high|rates=stable|credit=neutral
2011-09-19,up,high,stable,risk_on,trend=up|vol=high|rates=stable|credit=risk_on
2011-09-20,up,high,stable,risk_on,trend=up|vol=high|rates=stable|credit=risk_on
2011-09-21,up,high,down,neutral,trend=up|vol=high|rates=down|credit=neutral
2011-09-22,down,high,down,risk_off,trend=down|vol=high|rates=down|credit=risk_off
2011-09-23,down,high,down,risk_off,trend=down|vol=high|rates=down|credit=risk_off
2011-09-26,flat,high,down,neutral,trend=flat|vol=high|rates=down|credit=neutral
2011-09-27,flat,high,stable,risk_off,trend=flat|vol=high|rates=stable|credit=risk_off
2011-09-28,down,high,down,risk_off,trend=down|vol=high|rates=down|credit=risk_off
2011-09-29,down,high,stable,risk_off,trend=down|vol=high|rates=stable|credit=risk_off
2011-09-30,down,high,down,risk_off,trend=down|vol=high|rates=down|credit=risk_off
2011-10-03,down,high,down,risk_off,trend=down|vol=high|rates=down|credit=risk_off
2011-10-04,down,high,down,risk_off,trend=down|vol=high|rates=down|credit=risk_off
2011-10-05,flat,high,stable,risk_off,trend=flat|vol=high|rates=stable|credit=risk_off
2011-10-06,down,high,stable,risk_off,trend=down|vol=high|rates=stable|credit=risk_off
2011-10-07,down,high,stable,risk_off,trend=down|vol=high|rates=stable|credit=risk_off
2011-10-10,up,high,,risk_on,trend=up|vol=high|credit=risk_on
2011-10-11,up,high,up,neutral,trend=up|vol=high|rates=up|credit=neutral
2011-10-12,up,high,up,risk_on,trend=up|vol=high|rates=up|credit=risk_on
2011-10-13,flat,high,stable,neutral,trend=flat|vol=high|rates=stable|credit=neutral
2011-10-14,flat,high,up,neutral,trend=flat|vol=high|rates=up|credit=neutral
2011-10-17,flat,high,stable,neutral,trend=flat|vol=high|rates=stable|credit=neutral
2011-10-18,flat,high,stable,neutral,trend=flat|vol=high|rates=stable|credit=neutral
2011-10-19,flat,high,up,neutral,trend=flat|vol=high|rates=up|credit=neutral
2011-10-20,up,high,up,risk_on,trend=up|vol=high|rates=up|credit=risk_on
2011-10-21,up,high,up,risk_on,trend=up|vol=high|rates=up|credit=risk_on
2011-10-24,up,high,up,risk_on,trend=up|vol=high|rates=up|credit=risk_on
2011-10-25,up,high,up,risk_on,trend=up|vol=high|rates=up|credit=risk_on
2011-10-26,up,high,up,risk_on,trend=up|vol=high|rates=up|credit=risk_on
2011-10-27,up,high,up,risk_on,trend=up|vol=high|rates=up|credit=risk_on
2011-10-28,up,mid,up,risk_on,trend=up|vol=mid|rates=up|credit=risk_on
2011-10-31,up,high,stable,risk_on,trend=up|vol=high|rates=stable|credit=risk_on
2011-11-01,up,high,stable,risk_on,trend=up|vol=high|rates=stable|credit=risk_on
2011-11-02,up,high,up,risk_on,trend=up|vol=high|rates=up|credit=risk_on
2011-11-03,up,high,up,risk_on,trend=up|vol=high|rates=up|credit=risk_on
2011-11-04,up,high,stable,risk_on,trend=up|vol=high|rates=stable|credit=risk_on
2011-11-07,up,high,stable,risk_on,trend=up|vol=high|rates=stable|credit=risk_on
2011-11-08,up,high,stable,risk_on,trend=up|vol=high|rates=stable|credit=risk_on
2011-11-09,up,high,stable,neutral,trend=up|vol=high|rates=stable|credit=neutral
2011-11-10,up,high,down,neutral,trend=up|vol=high|rates=down|credit=neutral
2011-11-11,up,high,,risk_on,trend=up|vol=high|credit=risk_on
2011-11-14,up,high,stable,neutral,trend=up|vol=high|rates=stable|credit=neutral
2011-11-15,up,high,stable,neutral,trend=up|vol=high|rates=stable|credit=neutral
2011-11-16,flat,high,stable,neutral,trend=flat|vol=high|rates=stable|credit=neutral
2011-11-17,flat,high,down,neutral,trend=flat|vol=high|rates=down|credit=neutral
2011-11-18,flat,high,stable,neutral,trend=flat|vol=high|rates=stable|credit=neutral
2011-11-21,down,high,down,risk_off,trend=down|vol=high|rates=down|credit=risk_off
2011-11-22,down,high,down,risk_off,trend=down|vol=high|rates=down|credit=risk_off
2011-11-23,down,high,down,risk_off,trend=down|vol=high|rates=down|credit=risk_off
2011-11-25,down,high,stable,risk_off,trend=down|vol=high|rates=stable|credit=risk_off
2011-11-28,down,high,down,risk_off,trend=down|vol=high|rates=down|credit=risk_off
2011-11-29,down,high,down,risk_off,trend=down|vol=high|rates=down|credit=risk_off
2011-11-30,flat,high,down,neutral,trend=flat|vol=high|rates=down|credit=neutral
2011-12-01,up,high,stable,risk_on,trend=up|vol=high|rates=stable|credit=risk_on
2011-12-02,flat,high,stable,risk_on,trend=flat|vol=high|rates=stable|credit=risk_on
2011-12-05,flat,high,stable,risk_on,trend=flat|vol=high|rates=stable|credit=risk_on
2011-12-06,flat,high,stable,risk_on,trend=flat|vol=high|rates=stable|credit=risk_on
2011-12-07,flat,high,stable,risk_on,trend=flat|vol=high|rates=stable|credit=risk_on
2011-12-08,down,high,stable,neutral,trend=down|vol=high|rates=stable|credit=neutral
2011-12-09,up,high,stable,risk_on,trend=up|vol=high|rates=stable|credit=risk_on
2011-12-12,flat,high,stable,risk_on,trend=flat|vol=high|rates=stable|credit=risk_on
2011-12-13,down,high,stable,neutral,trend=down|vol=high|rates=stable|credit=neutral
2011-12-14,down,high,stable,neutral,trend=down|vol=high|rates=stable|credit=neutral
2011-12-15,down,high,stable,neutral,trend=down|vol=high|rates=stable|credit=neutral
2011-12-16,flat,mid,stable,risk_on,trend=flat|vol=mid|rates=stable|credit=risk_on
2011-12-19,flat,mid,stable,neutral,trend=flat|vol=mid|rates=stable|credit=neutral
2011-12-20,up,mid,stable,risk_on,trend=up|vol=mid|rates=stable|credit=risk_on
2011-12-21,up,mid,stable,risk_on,trend=up|vol=mid|rates=stable|credit=risk_on
2011-12-22,up,mid,stable,risk_on,trend=up|vol=mid|rates=stable|credit=risk_on
2011-12-23,up,mid,stable,risk_on,trend=up|vol=mid|rates=stable|credit=risk_on
2011-12-27,up,mid,stable,risk_on,trend=up|vol=mid|rates=stable|credit=risk_on
2011-12-28,up,mid,stable,risk_on,trend=up|vol=mid|rates=stable|credit=risk_on
2011-12-29,up,mid,stable,risk_on,trend=up|vol=mid|rates=stable|credit=risk_on
2011-12-30,flat,mid,stable,risk_on,trend=flat|vol=mid|rates=stable|credit=risk_on
2012-01-03,up,mid,stable,risk_on,trend=up|vol=mid|rates=stable|credit=risk_on
2012-01-04,up,mid,stable,risk_on,trend=up|vol=mid|rates=stable|credit=risk_on
2012-01-05,up,mid,stable,risk_on,trend=up|vol=mid|rates=stable|credit=risk_on
2012-01-06,flat,mid,stable,neutral,trend=flat|vol=mid|rates=stable|credit=neutral
2012-01-09,flat,mid,stable,neutral,trend=flat|vol=mid|rates=stable|credit=neutral
2012-01-10,up,mid,stable,risk_on,trend=up|vol=mid|rates=stable|credit=risk_on
2012-01-11,up,mid,stable,neutral,trend=up|vol=mid|rates=stable|credit=neutral
2012-01-12,up,mid,stable,neutral,trend=up|vol=mid|rates=stable|credit=neutral
2012-01-13,up,mid,stable,neutral,trend=up|vol=mid|rates=stable|credit=neutral
2012-01-17,up,mid,stable,neutral,trend=up|vol=mid|rates=stable|credit=neutral
2012-01-18,up,mid,stable,neutral,trend=up|vol=mid|rates=stable|credit=neutral
2012-01-19,up,mid,stable,risk_on,trend=up|vol=mid|rates=stable|credit=risk_on
2012-01-20,up,mid,up,risk_on,trend=up|vol=mid|rates=up|credit=risk_on
2012-01-23,up,mid,stable,risk_on,trend=up|vol=mid|rates=stable|credit=risk_on
2012-01-24,up,mid,stable,neutral,trend=up|vol=mid|rates=stable|credit=neutral
2012-01-25,up,mid,stable,risk_on,trend=up|vol=mid|rates=stable|credit=risk_on
2012-01-26,up,mid,stable,neutral,trend=up|vol=mid|rates=stable|credit=neutral
2012-01-27,up,mid,stable,neutral,trend=up|vol=mid|rates=stable|credit=neutral
2012-01-30,up,mid,stable,neutral,trend=up|vol=mid|rates=stable|credit=neutral
2012-01-31,up,mid,stable,risk_off,trend=up|vol=mid|rates=stable|credit=risk_off
2012-02-01,up,mid,stable,neutral,trend=up|vol=mid|rates=stable|credit=neutral
2012-02-02,up,mid,stable,risk_off,trend=up|vol=mid|rates=stable|credit=risk_off
2012-02-03,up,mid,stable,neutral,trend=up|vol=mid|rates=stable|credit=neutral
2012-02-06,up,mid,stable,neutral,trend=up|vol=mid|rates=stable|credit=neutral
2012-02-07,up,mid,stable,neutral,trend=up|vol=mid|rates=stable|credit=neutral
2012-02-08,up,mid,stable,neutral,trend=up|vol=mid|rates=stable|credit=neutral
2012-02-09,up,mid,stable,neutral,trend=up|vol=mid|rates=stable|credit=neutral
2012-02-10,up,mid,stable,neutral,trend=up|vol=mid|rates=stable|credit=neutral
2012-02-13,up,mid,stable,neutral,trend=up|vol=mid|rates=stable|credit=neutral
2012-02-14,up,mid,stable,neutral,trend=up|vol=mid|rates=stable|credit=neutral
2012-02-15,up,mid,stable,neutral,trend=up|vol=mid|rates=stable|credit=neutral
2012-02-16,up,mid,stable,neutral,trend=up|vol=mid|rates=stable|credit=neutral
2012-02-17,up,mid,stable,neutral,trend=up|vol=mid|rates=stable|credit=neutral
2012-02-21,up,mid,stable,neutral,trend=up|vol=mid|rates=stable|credit=neutral
2012-02-22,up,mid,stable,neutral,trend=up|vol=mid|rates=stable|credit=neutral
2012-02-23,up,mid,stable,neutral,trend=up|vol=mid|rates=stable|credit=neutral
2012-02-24,up,mid,stable,neutral,trend=up|vol=mid|rates=stable|credit=neutral
2012-02-27,up,mid,stable,neutral,trend=up|vol=mid|rates=stable|credit=neutral
2012-02-28,up,mid,stable,neutral,trend=up|vol=mid|rates=stable|credit=neutral
2012-02-29,up,mid,stable,neutral,trend=up|vol=mid|rates=stable|credit=neutral
2012-03-01,up,mid,stable,neutral,trend=up|vol=mid|rates=stable|credit=neutral
2012-03-02,up,mid,stable,neutral,trend=up|vol=mid|rates=stable|credit=neutral
2012-03-05,up,mid,stable,neutral,trend=up|vol=mid|rates=stable|credit=neutral
2012-03-06,flat,mid,stable,risk_off,trend=flat|vol=mid|rates=stable|credit=risk_off
2012-03-07,flat,mid,stable,neutral,trend=flat|vol=mid|rates=stable|credit=neutral
2012-03-08,flat,mid,stable,neutral,trend=flat|vol=mid|rates=stable|credit=neutral
2012-03-09,flat,mid,stable,neutral,trend=flat|vol=mid|rates=stable|credit=neutral
2012-03-12,flat,low,stable,neutral,trend=flat|vol=low|rates=stable|credit=neutral
2012-03-13,up,low,stable,risk_on,trend=up|vol=low|rates=stable|credit=risk_on
2012-03-14,up,low,up,risk_on,trend=up|vol=low|rates=up|credit=risk_on
2012-03-15,up,low,up,risk_on,trend=up|vol=low|rates=up|credit=risk_on
2012-03-16,up,low,up,risk_on,trend=up|vol=low|rates=up|credit=risk_on
2012-03-19,up,low,up,risk_on,trend=up|vol=low|rates=up|credit=risk_on
2012-03-20,up,low,up,risk_on,trend=up|vol=low|rates=up|credit=risk_on
2012-03-21,up,low,up,neutral,trend=up|vol=low|rates=up|credit=neutral
2012-03-22,up,low,up,risk_on,trend=up|vol=low|rates=up|credit=risk_on
2012-03-23,up,low,up,neutral,trend=up|vol=low|rates=up|credit=neutral
2012-03-26,up,low,up,neutral,trend=up|vol=low|rates=up|credit=neutral
2012-03-27,up,low,up,neutral,trend=up|vol=low|rates=up|credit=neutral
2012-03-28,up,low,up,neutral,trend=up|vol=low|rates=up|credit=neutral
2012-03-29,up,low,up,neutral,trend=up|vol=low|rates=up|credit=neutral
2012-03-30,up,low,up,neutral,trend=up|vol=low|rates=up|credit=neutral
2012-04-02,up,low,up,neutral,trend=up|vol=low|rates=up|credit=neutral
2012-04-03,up,low,up,risk_on,trend=up|vol=low|rates=up|credit=risk_on
2012-04-04,up,mid,up,risk_on,trend=up|vol=mid|rates=up|credit=risk_on
2012-04-05,up,mid,up,risk_on,trend=up|vol=mid|rates=up|credit=risk_on
2012-04-06,,,stable,,rates=stable
2012-04-09,flat,mid,stable,neutral,trend=flat|vol=mid|rates=stable|credit=neutral
2012-04-10,flat,mid,stable,neutral,trend=flat|vol=mid|rates=stable|credit=neutral
2012-04-11,flat,mid,stable,neutral,trend=flat|vol=mid|rates=stable|credit=neutral
2012-04-12,flat,mid,down,neutral,trend=flat|vol=mid|rates=down|credit=neutral
2012-04-13,flat,mid,down,risk_off,trend=flat|vol=mid|rates=down|credit=risk_off
2012-04-16,down,mid,down,risk_off,trend=down|vol=mid|rates=down|credit=risk_off
2012-04-17,flat,mid,down,risk_off,trend=flat|vol=mid|rates=down|credit=risk_off
2012-04-18,flat,mid,down,risk_off,trend=flat|vol=mid|rates=down|credit=risk_off
2012-04-19,flat,mid,down,risk_off,trend=flat|vol=mid|rates=down|credit=risk_off
2012-04-20,flat,mid,down,risk_off,trend=flat|vol=mid|rates=down|credit=risk_off
2012-04-23,flat,mid,down,risk_off,trend=flat|vol=mid|rates=down|credit=risk_off
2012-04-24,flat,mid,down,neutral,trend=flat|vol=mid|rates=down|credit=neutral
2012-04-25,flat,mid,stable,neutral,trend=flat|vol=mid|rates=stable|credit=neutral
2012-04-26,flat,mid,down,neutral,trend=flat|vol=mid|rates=down|credit=neutral
2012-04-27,flat,mid,down,neutral,trend=flat|vol=mid|rates=down|credit=neutral
2012-04-30,flat,mid,down,neutral,trend=flat|vol=mid|rates=down|credit=neutral
2012-05-01,flat,mid,down,neutral,trend=flat|vol=mid|rates=down|credit=neutral
2012-05-02,flat,mid,down,neutral,trend=flat|vol=mid|rates=down|credit=neutral
2012-05-03,flat,mid,down,neutral,trend=flat|vol=mid|rates=down|credit=neutral
2012-05-04,down,mid,down,neutral,trend=down|vol=mid|rates=down|credit=neutral
2012-05-07,flat,mid,stable,neutral,trend=flat|vol=mid|rates=stable|credit=neutral
2012-05-08,flat,mid,stable,risk_on,trend=flat|vol=mid|rates=stable|credit=risk_on
2012-05-09,flat,mid,stable,risk_on,trend=flat|vol=mid|rates=stable|credit=risk_on
2012-05-10,flat,mid,stable,neutral,trend=flat|vol=mid|rates=stable|credit=neutral
2012-05-11,down,mid,down,neutral,trend=down|vol=mid|rates=down|credit=neutral
2012-05-14,down,mid,down,neutral,trend=down|vol=mid|rates=down|credit=neutral
2012-05-15,down,mid,down,neutral,trend=down|vol=mid|rates=down|credit=neutral
2012-05-16,down,mid,down,risk_off,trend=down|vol=mid|rates=down|credit=risk_off
2012-05-17,down,mid,down,risk_off,trend=down|vol=mid|rates=down|credit=risk_off
2012-05-18,down,high,down,risk_off,trend=down|vol=high|rates=down|credit=risk_off
2012-05-21,down,mid,down,risk_off,trend=down|vol=mid|rates=down|credit=risk_off
2012-05-22,down,mid,stable,neutral,trend=down|vol=mid|rates=stable|credit=neutral
2012-05-23,down,mid,down,risk_off,trend=down|vol=mid|rates=down|credit=risk_off
2012-05-24,down,mid,down,risk_off,trend=down|vol=mid|rates=down|credit=risk_off
2012-05-25,down,mid,down,risk_off,trend=down|vol=mid|rates=down|credit=risk_off
2012-05-29,down,mid,down,risk_off,trend=down|vol=mid|rates=down|credit=risk_off
2012-05-30,down,mid,down,risk_off,trend=down|vol=mid|rates=down|credit=risk_off
2012-05-31,down,mid,down,risk_off,trend=down|vol=mid|rates=down|credit=risk_off
2012-06-01,down,high,down,risk_off,trend=down|vol=high|rates=down|credit=risk_off
2012-06-04,down,high,down,risk_off,trend=down|vol=high|rates=down|credit=risk_off
2012-06-05,down,mid,down,risk_off,trend=down|vol=mid|rates=down|credit=risk_off
2012-06-06,down,mid,down,risk_off,trend=down|vol=mid|rates=down|credit=risk_off
2012-06-07,down,mid,down,risk_off,trend=down|vol=mid|rates=down|credit=risk_off
2012-06-08,flat,mid,down,risk_off,trend=flat|vol=mid|rates=down|credit=risk_off
2012-06-11,down,mid,down,risk_off,trend=down|vol=mid|rates=down|credit=risk_off
2012-06-12,flat,mid,stable,risk_off,trend=flat|vol=mid|rates=stable|credit=risk_off
2012-06-13,flat,mid,stable,risk_off,trend=flat|vol=mid|rates=stable|credit=risk_off
2012-06-14,flat,mid,stable,neutral,trend=flat|vol=mid|rates=stable|credit=neutral
2012-06-15,flat,mid,stable,neutral,trend=flat|vol=mid|rates=stable|credit=neutral
2012-06-18,up,mid,stable,risk_on,trend=up|vol=mid|rates=stable|credit=risk_on
2012-06-19,up,mid,stable,risk_on,trend=up|vol=mid|rates=stable|credit=risk_on
2012-06-20,up,mid,stable,risk_on,trend=up|vol=mid|rates=stable|credit=risk_on
2012-06-21,flat,mid,stable,neutral,trend=flat|vol=mid|rates=stable|credit=neutral
2012-06-22,flat,mid,stable,risk_on,trend=flat|vol=mid|rates=stable|credit=risk_on
2012-06-25,flat,mid,stable,neutral,trend=flat|vol=mid|rates=stable|credit=neutral
2012-06-26,flat,mid,stable,risk_on,trend=flat|vol=mid|rates=stable|credit=risk_on
2012-06-27,flat,mid,stable,neutral,trend=flat|vol=mid|rates=stable|credit=neutral
2012-06-28,flat,mid,stable,neutral,trend=flat|vol=mid|rates=stable|credit=neutral
2012-06-29,up,mid,stable,risk_on,trend=up|vol=mid|rates=stable|credit=risk_on
2012-07-02,up,mid,stable,risk_on,trend=up|vol=mid|rates=stable|credit=risk_on
2012-07-03,up,mid,stable,risk_on,trend=up|vol=mid|rates=stable|credit=risk_on
2012-07-05,up,mid,stable,risk_on,trend=up|vol=mid|rates=stable|credit=risk_on
2012-07-06,up,mid,stable,risk_on,trend=up|vol=mid|rates=stable|credit=risk_on
2012-07-09,up,mid,stable,risk_on,trend=up|vol=mid|rates=stable|credit=risk_on
2012-07-10,flat,mid,stable,neutral,trend=flat|vol=mid|rates=stable|credit=neutral
2012-07-11,up,mid,stable,risk_on,trend=up|vol=mid|rates=stable|credit=risk_on
2012-07-12,flat,mid,stable,neutral,trend=flat|vol=mid|rates=stable|credit=neutral
2012-07-13,up,mid,stable,neutral,trend=up|vol=mid|rates=stable|credit=neutral
2012-07-16,flat,mid,stable,neutral,trend=flat|vol=mid|rates=stable|credit=neutral
2012-07-17,flat,mid,stable,neutral,trend=flat|vol=mid|rates=stable|credit=neutral
2012-07-18,up,mid,stable,neutral,trend=up|vol=mid|rates=stable|credit=neutral
2012-07-19,flat,low,stable,risk_off,trend=flat|vol=low|rates=stable|credit=risk_off
2012-07-20,flat,mid,stable,risk_off,trend=flat|vol=mid|rates=stable|credit=risk_off
2012-07-23,up,mid,stable,neutral,trend=up|vol=mid|rates=stable|credit=neutral
2012-07-24,flat,mid,down,risk_off,trend=flat|vol=mid|rates=down|credit=risk_off
2012-07-25,up,mid,stable,risk_off,trend=up|vol=mid|rates=stable|credit=risk_off
2012-07-26,up,mid,down,risk_off,trend=up|vol=mid|rates=down|credit=risk_off
2012-07-27,up,mid,stable,neutral,trend=up|vol=mid|rates=stable|credit=neutral
2012-07-30,up,mid,stable,neutral,trend=up|vol=mid|rates=stable|credit=neutral
2012-07-31,flat,mid,stable,risk_off,trend=flat|vol=mid|rates=stable|credit=risk_off
2012-08-01,flat,mid,stable,risk_off,trend=flat|vol=mid|rates=stable|credit=risk_off
2012-08-02,flat,mid,stable,risk_off,trend=flat|vol=mid|rates=stable|credit=risk_off
2012-08-03,flat,low,stable,risk_off,trend=flat|vol=low|rates=stable|credit=risk_off
2012-08-06,up,low,stable,neutral,trend=up|vol=low|rates=stable|credit=neutral
2012-08-07,up,low,stable,neutral,trend=up|vol=low|rates=stable|credit=neutral
2012-08-08,up,low,stable,neutral,trend=up|vol=low|rates=stable|credit=neutral
2012-08-09,up,low,stable,neutral,trend=up|vol=low|rates=stable|credit=neutral
2012-08-10,up,low,stable,neutral,trend=up|vol=low|rates=stable|credit=neutral
2012-08-13,up,low,stable,neutral,trend=up|vol=low|rates=stable|credit=neutral
2012-08-14,up,low,up,risk_on,trend=up|vol=low|rates=up|credit=risk_on
2012-08-15,up,low,up,risk_on,trend=up|vol=low|rates=up|credit=risk_on
2012-08-16,up,low,up,risk_on,trend=up|vol=low|rates=up|credit=risk_on
2012-08-17,up,low,up,risk_on,trend=up|vol=low|rates=up|credit=risk_on
2012-08-20,up,low,up,risk_on,trend=up|vol=low|rates=up|credit=risk_on
2012-08-21,up,low,up,risk_on,trend=up|vol=low|rates=up|credit=risk_on
2012-08-22,up,low,up,risk_on,trend=up|vol=low|rates=up|credit=risk_on
2012-08-23,up,low,up,risk_on,trend=up|vol=low|rates=up|credit=risk_on
2012-08-24,up,low,up,risk_on,trend=up|vol=low|rates=up|credit=risk_on
2012-08-27,up,mid,stable,neutral,trend=up|vol=mid|rates=stable|credit=neutral
2012-08-28,flat,mid,stable,neutral,trend=flat|vol=mid|rates=stable|credit=neutral
2012-08-29,up,mid,stable,risk_on,trend=up|vol=mid|rates=stable|credit=risk_on
2012-08-30,up,mid,stable,risk_on,trend=up|vol=mid|rates=stable|credit=risk_on
2012-08-31,up,mid,stable,risk_on,trend=up|vol=mid|rates=stable|credit=risk_on
2012-09-04,flat,mid,stable,neutral,trend=flat|vol=mid|rates=stable|credit=neutral
2012-09-05,flat,mid,stable,neutral,trend=flat|vol=mid|rates=stable|credit=neutral
2012-09-06,up,low,stable,risk_on,trend=up|vol=low|rates=stable|credit=risk_on
2012-09-07,up,low,stable,risk_on,trend=up|vol=low|rates=stable|credit=risk_on
2012-09-10,up,mid,stable,neutral,trend=up|vol=mid|rates=stable|credit=neutral
2012-09-11,up,mid,stable,risk_on,trend=up|vol=mid|rates=stable|credit=risk_on
2012-09-12,up,low,stable,risk_on,trend=up|vol=low|rates=stable|credit=risk_on
2012-09-13,up,low,stable,risk_on,trend=up|vol=low|rates=stable|credit=risk_on
2012-09-14,up,low,stable,risk_on,trend=up|vol=low|rates=stable|credit=risk_on
2012-09-17,up,low,stable,risk_on,trend=up|vol=low|rates=stable|credit=risk_on
2012-09-18,up,low,stable,risk_on,trend=up|vol=low|rates=stable|credit=risk_on
2012-09-19,up,low,stable,neutral,trend=up|vol=low|rates=stable|credit=neutral
2012-09-20,up,low,stable,neutral,trend=up|vol=low|rates=stable|credit=neutral
2012-09-21,up,low,stable,neutral,trend=up|vol=low|rates=stable|credit=neutral
2012-09-24,up,low,stable,neutral,trend=up|vol=low|rates=stable|credit=neutral
2012-09-25,up,low,stable,neutral,trend=up|vol=low|rates=stable|credit=neutral
2012-09-26,flat,mid,stable,risk_off,trend=flat|vol=mid|rates=stable|credit=risk_off
2012-09-27,up,low,stable,neutral,trend=up|vol=low|rates=stable|credit=neutral
2012-09-28,up,low,stable,risk_off,trend=up|vol=low|rates=stable|credit=risk_off
2012-10-01,up,mid,stable,risk_off,trend=up|vol=mid|rates=stable|credit=risk_off
2012-10-02,up,low,stable,neutral,trend=up|vol=low|rates=stable|credit=neutral
2012-10-03,up,low,stable,neutral,trend=up|vol=low|rates=stable|credit=neutral
2012-10-04,up,low,stable,neutral,trend=up|vol=low|rates=stable|credit=neutral
2012-10-05,up,low,stable,risk_off,trend=up|vol=low|rates=stable|credit=risk_off
2012-10-08,flat,low,,risk_off,trend=flat|vol=low|credit=risk_off
2012-10-09,flat,mid,stable,risk_off,trend=flat|vol=mid|rates=stable|credit=risk_off
2012-10-10,flat,mid,stable,risk_off,trend=flat|vol=mid|rates=stable|credit=risk_off
2012-10-11,flat,low,stable,risk_off,trend=flat|vol=low|rates=stable|credit=risk_off
2012-10-12,down,mid,stable,risk_off,trend=down|vol=mid|rates=stable|credit=risk_off
2012-10-15,flat,low,stable,risk_off,trend=flat|vol=low|rates=stable|credit=risk_off
2012-10-16,flat,low,stable,risk_off,trend=flat|vol=low|rates=stable|credit=risk_off
2012-10-17,flat,low,stable,risk_off,trend=flat|vol=low|rates=stable|credit=risk_off
2012-10-18,flat,low,stable,risk_off,trend=flat|vol=low|rates=stable|credit=risk_off
2012-10-19,flat,mid,stable,risk_off,trend=flat|vol=mid|rates=stable|credit=risk_off
2012-10-22,flat,mid,stable,risk_off,trend=flat|vol=mid|rates=stable|credit=risk_off
2012-10-23,down,mid,stable,risk_off,trend=down|vol=mid|rates=stable|credit=risk_off
2012-10-24,down,mid,stable,neutral,trend=down|vol=mid|rates=stable|credit=neutral
2012-10-25,flat,mid,stable,neutral,trend=flat|vol=mid|rates=stable|credit=neutral
2012-10-26,down,mid,stable,neutral,trend=down|vol=mid|rates=stable|credit=neutral
2012-10-29,,,stable,,rates=stable
2012-10-31,flat,mid,stable,neutral,trend=flat|vol=mid|rates=stable|credit=neutral
2012-11-01,flat,mid,stable,neutral,trend=flat|vol=mid|rates=stable|credit=neutral
2012-11-02,down,mid,stable,neutral,trend=down|vol=mid|rates=stable|credit=neutral
2012-11-05,down,mid,stable,neutral,trend=down|vol=mid|rates=stable|credit=neutral
2012-11-06,down,mid,stable,neutral,trend=down|vol=mid|rates=stable|credit=neutral
2012-11-07,down,mid,stable,risk_off,trend=down|vol=mid|rates=stable|credit=risk_off
2012-11-08,down,mid,stable,neutral,trend=down|vol=mid|rates=stable|credit=neutral
2012-11-09,down,mid,stable,neutral,trend=down|vol=mid|rates=stable|credit=neutral
2012-11-12,down,mid,,neutral,trend=down|vol=mid|credit=neutral
2012-11-13,down,mid,stable,neutral,trend=down|vol=mid|rates=stable|credit=neutral
2012-11-14,down,mid,stable,risk_off,trend=down|vol=mid|rates=stable|credit=risk_off
2012-11-15,down,mid,stable,risk_off,trend=down|vol=mid|rates=stable|credit=risk_off
2012-11-16,down,mid,stable,risk_off,trend=down|vol=mid|rates=stable|credit=risk_off
2012-11-19,down,low,down,neutral,trend=down|vol=low|rates=down|credit=neutral
2012-11-20,down,low,down,neutral,trend=down|vol=low|rates=down|credit=neutral
2012-11-21,down,low,stable,neutral,trend=down|vol=low|rates=stable|credit=neutral
2012-11-23,flat,low,stable,neutral,trend=flat|vol=low|rates=stable|credit=neutral
2012-11-26,flat,low,stable,neutral,trend=flat|vol=low|rates=stable|credit=neutral
2012-11-27,flat,low,stable,neutral,trend=flat|vol=low|rates=stable|credit=neutral
2012-11-28,flat,low,down,neutral,trend=flat|vol=low|rates=down|credit=neutral
2012-11-29,flat,low,stable,neutral,trend=flat|vol=low|rates=stable|credit=neutral
2012-11-30,flat,low,stable,risk_on,trend=flat|vol=low|rates=stable|credit=risk_on
2012-12-03,flat,mid,stable,risk_on,trend=flat|vol=mid|rates=stable|credit=risk_on
2012-12-04,flat,mid,stable,risk_on,trend=flat|vol=mid|rates=stable|credit=risk_on
2012-12-05,flat,mid,stable,risk_on,trend=flat|vol=mid|rates=stable|credit=risk_on
2012-12-06,flat,mid,stable,neutral,trend=flat|vol=mid|rates=stable|credit=neutral
2012-12-07,flat,low,stable,risk_on,trend=flat|vol=low|rates=stable|credit=risk_on
2012-12-10,up,mid,stable,risk_on,trend=up|vol=mid|rates=stable|credit=risk_on
2012-12-11,up,low,stable,risk_on,trend=up|vol=low|rates=stable|credit=risk_on
2012-12-12,up,low,stable,risk_on,trend=up|vol=low|rates=stable|credit=risk_on
2012-12-13,up,mid,stable,risk_on,trend=up|vol=mid|rates=stable|credit=risk_on
2012-12-14,up,mid,stable,risk_on,trend=up|vol=mid|rates=stable|credit=risk_on
2012-12-17,up,mid,stable,risk_on,trend=up|vol=mid|rates=stable|credit=risk_on
2012-12-18,up,low,up,risk_on,trend=up|vol=low|rates=up|credit=risk_on
2012-12-19,up,mid,up,risk_on,trend=up|vol=mid|rates=up|credit=risk_on
2012-12-20,up,mid,stable,risk_on,trend=up|vol=mid|rates=stable|credit=risk_on
2012-12-21,up,mid,stable,risk_on,trend=up|vol=mid|rates=stable|credit=risk_on
2012-12-24,flat,mid,stable,risk_on,trend=flat|vol=mid|rates=stable|credit=risk_on
2012-12-26,flat,mid,stable,risk_on,trend=flat|vol=mid|rates=stable|credit=risk_on
2012-12-27,flat,mid,stable,risk_on,trend=flat|vol=mid|rates=stable|credit=risk_on
2012-12-28,flat,mid,stable,risk_on,trend=flat|vol=mid|rates=stable|credit=risk_on
2012-12-31,flat,mid,stable,risk_on,trend=flat|vol=mid|rates=stable|credit=risk_on
2013-01-02,up,low,up,risk_on,trend=up|vol=low|rates=up|credit=risk_on
2013-01-03,up,low,up,risk_on,trend=up|vol=low|rates=up|credit=risk_on
2013-01-04,up,low,up,risk_on,trend=up|vol=low|rates=up|credit=risk_on
2013-01-07,up,low,up,risk_on,trend=up|vol=low|rates=up|credit=risk_on
2013-01-08,up,low,up,risk_on,trend=up|vol=low|rates=up|credit=risk_on
2013-01-09,up,low,up,risk_on,trend=up|vol=low|rates=up|credit=risk_on
2013-01-10,up,low,up,risk_on,trend=up|vol=low|rates=up|credit=risk_on
2013-01-11,up,low,up,risk_on,trend=up|vol=low|rates=up|credit=risk_on
2013-01-14,up,low,stable,risk_on,trend=up|vol=low|rates=stable|credit=risk_on
2013-01-15,up,low,stable,risk_on,trend=up|vol=low|rates=stable|credit=risk_on
2013-01-16,up,low,stable,risk_on,trend=up|vol=low|rates=stable|credit=risk_on
2013-01-17,up,low,stable,risk_on,trend=up|vol=low|rates=stable|credit=risk_on
2013-01-18,up,low,stable,risk_on,trend=up|vol=low|rates=stable|credit=risk_on
2013-01-22,up,low,stable,risk_on,trend=up|vol=low|rates=stable|credit=risk_on
2013-01-23,up,low,stable,risk_on,trend=up|vol=low|rates=stable|credit=risk_on
2013-01-24,up,low,stable,risk_on,trend=up|vol=low|rates=stable|credit=risk_on
2013-01-25,up,low,stable,risk_on,trend=up|vol=low|rates=stable|credit=risk_on
2013-01-28,up,low,up,risk_on,trend=up|vol=low|rates=up|credit=risk_on
2013-01-29,up,low,up,risk_on,trend=up|vol=low|rates=up|credit=risk_on
2013-01-30,up,low,up,risk_on,trend=up|vol=low|rates=up|credit=risk_on
2013-01-31,up,low,up,risk_on,trend=up|vol=low|rates=up|credit=risk_on
2013-02-01,up,low,stable,risk_on,trend=up|vol=low|rates=stable|credit=risk_on
2013-02-04,up,low,stable,neutral,trend=up|vol=low|rates=stable|credit=neutral
2013-02-05,up,low,stable,neutral,trend=up|vol=low|rates=stable|credit=neutral
2013-02-06,up,low,stable,neutral,trend=up|vol=low|rates=stable|credit=neutral
2013-02-07,up,low,stable,neutral,trend=up|vol=low|rates=stable|credit=neutral
2013-02-08,up,low,stable,neutral,trend=up|vol=low|rates=stable|credit=neutral
2013-02-11,up,low,stable,neutral,trend=up|vol=low|rates=stable|credit=neutral
2013-02-12,up,low,stable,neutral,trend=up|vol=low|rates=stable|credit=neutral
2013-02-13,up,low,stable,neutral,trend=up|vol=low|rates=stable|credit=neutral
2013-02-14,up,low,stable,neutral,trend=up|vol=low|rates=stable|credit=neutral
2013-02-15,up,low,stable,neutral,trend=up|vol=low|rates=stable|credit=neutral
2013-02-19,up,low,stable,neutral,trend=up|vol=low|rates=stable|credit=neutral
2013-02-20,up,low,stable,neutral,trend=up|vol=low|rates=stable|credit=neutral
2013-02-21,flat,low,stable,neutral,trend=flat|vol=low|rates=stable|credit=neutral
2013-02-22,flat,low,stable,neutral,trend=flat|vol=low|rates=stable|credit=neutral
2013-02-25,flat,mid,stable,risk_off,trend=flat|vol=mid|rates=stable|credit=risk_off
2013-02-26,flat,mid,stable,neutral,trend=flat|vol=mid|rates=stable|credit=neutral
2013-02-27,flat,low,stable,neutral,trend=flat|vol=low|rates=stable|credit=neutral
2013-02-28,flat,low,stable,neutral,trend=flat|vol=low|rates=stable|credit=neutral
2013-03-01,flat,low,stable,neutral,trend=flat|vol=low|rates=stable|credit=neutral
2013-03-04,up,low,stable,neutral,trend=up|vol=low|rates=stable|credit=neutral
2013-03-05,up,low,stable,neutral,trend=up|vol=low|rates=stable|credit=neutral
2013-03-06,up,low,stable,neutral,trend=up|vol=low|rates=stable|credit=neutral
2013-03-07,up,low,stable,neutral,trend=up|vol=low|rates=stable|credit=neutral
2013-03-08,up,low,stable,risk_on,trend=up|vol=low|rates=stable|credit=risk_on
2013-03-11,up,low,stable,risk_on,trend=up|vol=low|rates=stable|credit=risk_on
2013-03-12,up,low,stable,risk_on,trend=up|vol=low|rates=stable|credit=risk_on
2013-03-13,up,low,stable,risk_on,trend=up|vol=low|rates=stable|credit=risk_on
2013-03-14,up,low,stable,risk_on,trend=up|vol=low|rates=stable|credit=risk_on
2013-03-15,up,low,stable,risk_on,trend=up|vol=low|rates=stable|credit=risk_on
2013-03-18,up,low,stable,risk_on,trend=up|vol=low|rates=stable|credit=risk_on
2013-03-19,up,low,stable,neutral,trend=up|vol=low|rates=stable|credit=neutral
2013-03-20,up,low,stable,risk_on,trend=up|vol=low|rates=stable|credit=risk_on
2013-03-21,up,low,stable,risk_on,trend=up|vol=low|rates=stable|credit=risk_on
2013-03-22,up,low,stable,risk_on,trend=up|vol=low|rates=stable|credit=risk_on
2013-03-25,up,low,stable,neutral,trend=up|vol=low|rates=stable|credit=neutral
2013-03-26,up,low,stable,risk_on,trend=up|vol=low|rates=stable|credit=risk_on
2013-03-27,up,low,stable,neutral,trend=up|vol=low|rates=stable|credit=neutral
2013-03-28,up,low,stable,neutral,trend=up|vol=low|rates=stable|credit=neutral
2013-04-01,up,low,stable,risk_on,trend=up|vol=low|rates=stable|credit=risk_on
2013-04-02,up,low,stable,risk_on,trend=up|vol=low|rates=stable|credit=risk_on
2013-04-03,flat,low,stable,neutral,trend=flat|vol=low|rates=stable|credit=neutral
2013-04-04,flat,low,stable,neutral,trend=flat|vol=low|rates=stable|credit=neutral
2013-04-05,flat,low,down,neutral,trend=flat|vol=low|rates=down|credit=neutral
2013-04-08,flat,low,down,risk_off,trend=flat|vol=low|rates=down|credit=risk_off
2013-04-09,flat,low,down,risk_off,trend=flat|vol=low|rates=down|credit=risk_off
2013-04-10,up,low,down,neutral,trend=up|vol=low|rates=down|credit=neutral
2013-04-11,up,low,down,neutral,trend=up|vol=low|rates=down|credit=neutral
2013-04-12,up,low,down,risk_off,trend=up|vol=low|rates=down|credit=risk_off
2013-04-15,flat,mid,down,risk_off,trend=flat|vol=mid|rates=down|credit=risk_off
2013-04-16,flat,low,down,risk_off,trend=flat|vol=low|rates=down|credit=risk_off
2013-04-17,flat,mid,down,risk_off,trend=flat|vol=mid|rates=down|credit=risk_off
2013-04-18,flat,mid,stable,risk_off,trend=flat|vol=mid|rates=stable|credit=risk_off
2013-04-19,flat,low,down,risk_off,trend=flat|vol=low|rates=down|credit=risk_off
2013-04-22,flat,low,down,risk_off,trend=flat|vol=low|rates=down|credit=risk_off
2013-04-23,flat,low,stable,risk_off,trend=flat|vol=low|rates=stable|credit=risk_off
2013-04-24,flat,low,stable,neutral,trend=flat|vol=low|rates=stable|credit=neutral
2013-04-25,flat,low,stable,neutral,trend=flat|vol=low|rates=stable|credit=neutral
2013-04-26,flat,low,stable,neutral,trend=flat|vol=low|rates=stable|credit=neutral
2013-04-29,flat,low,stable,neutral,trend=flat|vol=low|rates=stable|credit=neutral
2013-04-30,up,low,stable,neutral,trend=up|vol=low|rates=stable|credit=neutral
2013-05-01,flat,low,down,neutral,trend=flat|vol=low|rates=down|credit=neutral
2013-05-02,up,low,stable,neutral,trend=up|vol=low|rates=stable|credit=neutral
2013-05-03,up,low,stable,risk_on,trend=up|vol=low|rates=stable|credit=risk_on
2013-05-06,up,low,stable,risk_on,trend=up|vol=low|rates=stable|credit=risk_on
2013-05-07,up,low,stable,risk_on,trend=up|vol=low|rates=stable|credit=risk_on
2013-05-08,up,low,stable,risk_on,trend=up|vol=low|rates=stable|credit=risk_on
2013-05-09,up,low,stable,risk_on,trend=up|vol=low|rates=stable|credit=risk_on
2013-05-10,up,low,stable,risk_on,trend=up|vol=low|rates=stable|credit=risk_on
2013-05-13,up,low,stable,risk_on,trend=up|vol=low|rates=stable|credit=risk_on
2013-05-14,up,low,up,risk_on,trend=up|vol=low|rates=up|credit=risk_on
2013-05-15,up,low,stable,risk_on,trend=up|vol=low|rates=stable|credit=risk_on
2013-05-16,up,low,stable,risk_on,trend=up|vol=low|rates=stable|credit=risk_on
2013-05-17,up,low,up,risk_on,trend=up|vol=low|rates=up|credit=risk_on
2013-05-20,up,low,up,risk_on,trend=up|vol=low|rates=up|credit=risk_on
2013-05-21,up,low,up,risk_on,trend=up|vol=low|rates=up|credit=risk_on
2013-05-22,up,low,up,risk_on,trend=up|vol=low|rates=up|credit=risk_on
2013-05-23,up,low,up,risk_on,trend=up|vol=low|rates=up|credit=risk_on
2013-05-24,up,low,up,risk_on,trend=up|vol=low|rates=up|credit=risk_on
2013-05-28,up,low,up,risk_on,trend=up|vol=low|rates=up|credit=risk_on
2013-05-29,up,low,up,risk_on,trend=up|vol=low|rates=up|credit=risk_on
2013-05-30,up,low,up,risk_on,trend=up|vol=low|rates=up|credit=risk_on
2013-05-31,up,mid,up,risk_on,trend=up|vol=mid|rates=up|credit=risk_on
2013-06-03,up,mid,up,neutral,trend=up|vol=mid|rates=up|credit=neutral
2013-06-04,flat,mid,up,neutral,trend=flat|vol=mid|rates=up|credit=neutral
2013-06-05,flat,mid,up,neutral,trend=flat|vol=mid|rates=up|credit=neutral
2013-06-06,flat,mid,up,neutral,trend=flat|vol=mid|rates=up|credit=neutral
2013-06-07,flat,low,up,neutral,trend=flat|vol=low|rates=up|credit=neutral
2013-06-10,flat,low,up,neutral,trend=flat|vol=low|rates=up|credit=neutral
2013-06-11,flat,mid,up,neutral,trend=flat|vol=mid|rates=up|credit=neutral
2013-06-12,flat,mid,up,neutral,trend=flat|vol=mid|rates=up|credit=neutral
2013-06-13,flat,mid,up,neutral,trend=flat|vol=mid|rates=up|credit=neutral
2013-06-14,flat,mid,up,neutral,trend=flat|vol=mid|rates=up|credit=neutral
2013-06-17,flat,mid,up,neutral,trend=flat|vol=mid|rates=up|credit=neutral
2013-06-18,flat,mid,up,neutral,trend=flat|vol=mid|rates=up|credit=neutral
2013-06-19,down,mid,up,neutral,trend=down|vol=mid|rates=up|credit=neutral
2013-06-20,down,mid,up,risk_on,trend=down|vol=mid|rates=up|credit=risk_on
2013-06-21,down,mid,up,risk_on,trend=down|vol=mid|rates=up|credit=risk_on
2013-06-24,down,mid,up,neutral,trend=down|vol=mid|rates=up|credit=neutral
2013-06-25,down,mid,up,risk_on,trend=down|vol=mid|rates=up|credit=risk_on
2013-06-26,down,mid,up,risk_on,trend=down|vol=mid|rates=up|credit=risk_on
2013-06-27,flat,mid,up,risk_on,trend=flat|vol=mid|rates=up|credit=risk_on
2013-06-28,down,mid,up,neutral,trend=down|vol=mid|rates=up|credit=neutral
2013-07-01,flat,mid,up,risk_on,trend=flat|vol=mid|rates=up|credit=risk_on
2013-07-02,flat,mid,up,risk_on,trend=flat|vol=mid|rates=up|credit=risk_on
2013-07-03,flat,mid,up,risk_on,trend=flat|vol=mid|rates=up|credit=risk_on
2013-07-05,flat,low,up,risk_on,trend=flat|vol=low|rates=up|credit=risk_on
2013-07-08,flat,low,up,risk_on,trend=flat|vol=low|rates=up|credit=risk_on
2013-07-09,flat,low,up,risk_on,trend=flat|vol=low|rates=up|credit=risk_on
2013-07-10,flat,low,up,risk_on,trend=flat|vol=low|rates=up|credit=risk_on
2013-07-11,up,low,up,risk_on,trend=up|vol=low|rates=up|credit=risk_on
2013-07-12,up,low,up,risk_on,trend=up|vol=low|rates=up|credit=risk_on
2013-07-15,up,low,up,risk_on,trend=up|vol=low|rates=up|credit=risk_on
2013-07-16,up,low,up,risk_on,trend=up|vol=low|rates=up|credit=risk_on
2013-07-17,up,low,up,risk_on,trend=up|vol=low|rates=up|credit=risk_on
2013-07-18,up,low,up,risk_on,trend=up|vol=low|rates=up|credit=risk_on
2013-07-19,up,low,stable,risk_on,trend=up|vol=low|rates=stable|credit=risk_on
2013-07-22,up,low,stable,risk_on,trend=up|vol=low|rates=stable|credit=risk_on
2013-07-23,up,low,stable,risk_on,trend=up|vol=low|rates=stable|credit=risk_on
2013-07-24,up,low,stable,risk_on,trend=up|vol=low|rates=stable|credit=risk_on
2013-07-25,up,low,stable,neutral,trend=up|vol=low|rates=stable|credit=neutral
2013-07-26,up,low,stable,neutral,trend=up|vol=low|rates=stable|credit=neutral
2013-07-29,up,low,stable,neutral,trend=up|vol=low|rates=stable|credit=neutral
2013-07-30,up,low,stable,risk_on,trend=up|vol=low|rates=stable|credit=risk_on
2013-07-31,up,low,stable,risk_on,trend=up|vol=low|rates=stable|credit=risk_on
2013-08-01,up,low,up,risk_on,trend=up|vol=low|rates=up|credit=risk_on
2013-08-02,up,low,stable,risk_on,trend=up|vol=low|rates=stable|credit=risk_on
2013-08-05,up,low,stable,risk_on,trend=up|vol=low|rates=stable|credit=risk_on
2013-08-06,up,low,stable,neutral,trend=up|vol=low|rates=stable|credit=neutral
2013-08-07,up,low,stable,neutral,trend=up|vol=low|rates=stable|credit=neutral
2013-08-08,up,low,stable,neutral,trend=up|vol=low|rates=stable|credit=neutral
2013-08-09,flat,low,stable,neutral,trend=flat|vol=low|rates=stable|credit=neutral
2013-08-12,flat,low,stable,risk_off,trend=flat|vol=low|rates=stable|credit=risk_off
2013-08-13,flat,low,stable,neutral,trend=flat|vol=low|rates=stable|credit=neutral
2013-08-14,flat,low,stable,neutral,trend=flat|vol=low|rates=stable|credit=neutral
2013-08-15,flat,low,up,neutral,trend=flat|vol=low|rates=up|credit=neutral
2013-08-16,flat,low,up,neutral,trend=flat|vol=low|rates=up|credit=neutral
2013-08-19,down,low,up,neutral,trend=down|vol=low|rates=up|credit=neutral
2013-08-20,down,low,up,neutral,trend=down|vol=low|rates=up|credit=neutral
2013-08-21,down,low,up,neutral,trend=down|vol=low|rates=up|credit=neutral
2013-08-22,flat,low,up,neutral,trend=flat|vol=low|rates=up|credit=neutral
2013-08-23,flat,low,up,neutral,trend=flat|vol=low|rates=up|credit=neutral
2013-08-26,flat,low,up,neutral,trend=flat|vol=low|rates=up|credit=neutral
2013-08-27,down,mid,stable,neutral,trend=down|vol=mid|rates=stable|credit=neutral
2013-08-28,down,mid,stable,neutral,trend=down|vol=mid|rates=stable|credit=neutral
2013-08-29,down,mid,stable,neutral,trend=down|vol=mid|rates=stable|credit=neutral
2013-08-30,down,mid,stable,neutral,trend=down|vol=mid|rates=stable|credit=neutral
2013-09-03,down,mid,up,neutral,trend=down|vol=mid|rates=up|credit=neutral
2013-09-04,down,low,up,neutral,trend=down|vol=low|rates=up|credit=neutral
2013-09-05,down,low,up,neutral,trend=down|vol=low|rates=up|credit=neutral
2013-09-06,flat,low,up,risk_on,trend=flat|vol=low|rates=up|credit=risk_on
2013-09-09,flat,low,up,risk_on,trend=flat|vol=low|rates=up|credit=risk_on
2013-09-10,flat,low,up,risk_on,trend=flat|vol=low|rates=up|credit=risk_on
2013-09-11,flat,low,up,risk_on,trend=flat|vol=low|rates=up|credit=risk_on
2013-09-12,flat,low,up,risk_on,trend=flat|vol=low|rates=up|credit=risk_on
2013-09-13,flat,low,stable,risk_on,trend=flat|vol=low|rates=stable|credit=risk_on
2013-09-16,up,low,stable,risk_on,trend=up|vol=low|rates=stable|credit=risk_on
2013-09-17,up,low,stable,risk_on,trend=up|vol=low|rates=stable|credit=risk_on
2013-09-18,up,low,stable,risk_on,trend=up|vol=low|rates=stable|credit=risk_on
2013-09-19,up,low,stable,risk_on,trend=up|vol=low|rates=stable|credit=risk_on
2013-09-20,up,low,stable,neutral,trend=up|vol=low|rates=stable|credit=neutral
2013-09-23,up,low,stable,neutral,trend=up|vol=low|rates=stable|credit=neutral
2013-09-24,up,low,stable,neutral,trend=up|vol=low|rates=stable|credit=neutral
2013-09-25,up,low,stable,neutral,trend=up|vol=low|rates=stable|credit=neutral
2013-09-26,up,low,stable,neutral,trend=up|vol=low|rates=stable|credit=neutral
2013-09-27,up,low,stable,neutral,trend=up|vol=low|rates=stable|credit=neutral
2013-09-30,up,mid,stable,neutral,trend=up|vol=mid|rates=stable|credit=neutral
2013-10-01,up,low,stable,neutral,trend=up|vol=low|rates=stable|credit=neutral
2013-10-02,up,mid,down,neutral,trend=up|vol=mid|rates=down|credit=neutral
2013-10-03,flat,mid,down,neutral,trend=flat|vol=mid|rates=down|credit=neutral
2013-10-04,up,mid,down,neutral,trend=up|vol=mid|rates=down|credit=neutral
2013-10-07,flat,mid,down,neutral,trend=flat|vol=mid|rates=down|credit=neutral
2013-10-08,flat,mid,down,neutral,trend=flat|vol=mid|rates=down|credit=neutral
2013-10-09,flat,mid,down,risk_off,trend=flat|vol=mid|rates=down|credit=risk_off
2013-10-10,flat,mid,down,neutral,trend=flat|vol=mid|rates=down|credit=neutral
2013-10-11,flat,low,down,neutral,trend=flat|vol=low|rates=down|credit=neutral
2013-10-14,flat,mid,,neutral,trend=flat|vol=mid|credit=neutral
2013-10-15,flat,mid,stable,neutral,trend=flat|vol=mid|rates=stable|credit=neutral
2013-10-16,flat,low,stable,neutral,trend=flat|vol=low|rates=stable|credit=neutral
2013-10-17,flat,low,down,neutral,trend=flat|vol=low|rates=down|credit=neutral
2013-10-18,flat,low,stable,neutral,trend=flat|vol=low|rates=stable|credit=neutral
2013-10-21,up,low,stable,neutral,trend=up|vol=low|rates=stable|credit=neutral
2013-10-22,up,low,down,neutral,trend=up|vol=low|rates=down|credit=neutral
2013-10-23,up,low,down,neutral,trend=up|vol=low|rates=down|credit=neutral
2013-10-24,up,low,stable,neutral,trend=up|vol=low|rates=stable|credit=neutral
2013-10-25,up,low,stable,neutral,trend=up|vol=low|rates=stable|credit=neutral
2013-10-28,up,low,stable,neutral,trend=up|vol=low|rates=stable|credit=neutral
2013-10-29,up,low,stable,neutral,trend=up|vol=low|rates=stable|credit=neutral
2013-10-30,up,low,stable,neutral,trend=up|vol=low|rates=stable|credit=neutral
2013-10-31,up,low,stable,neutral,trend=up|vol=low|rates=stable|credit=neutral
2013-11-01,up,low,stable,neutral,trend=up|vol=low|rates=stable|credit=neutral
2013-11-04,up,low,stable,neutral,trend=up|vol=low|rates=stable|credit=neutral
2013-11-05,up,low,stable,neutral,trend=up|vol=low|rates=stable|credit=neutral
2013-11-06,up,low,stable,risk_on,trend=up|vol=low|rates=stable|credit=risk_on
2013-11-07,up,low,stable,neutral,trend=up|vol=low|rates=stable|credit=neutral
2013-11-08,up,low,stable,risk_on,trend=up|vol=low|rates=stable|credit=risk_on
2013-11-11,up,low,,neutral,trend=up|vol=low|credit=neutral
2013-11-12,up,low,stable,neutral,trend=up|vol=low|rates=stable|credit=neutral
2013-11-13,up,low,stable,neutral,trend=up|vol=low|rates=stable|credit=neutral
2013-11-14,up,low,stable,neutral,trend=up|vol=low|rates=stable|credit=neutral
2013-11-15,up,low,stable,neutral,trend=up|vol=low|rates=stable|credit=neutral
2013-11-18,up,low,stable,neutral,trend=up|vol=low|rates=stable|credit=neutral
2013-11-19,up,low,stable,neutral,trend=up|vol=low|rates=stable|credit=neutral
2013-11-20,flat,low,stable,neutral,trend=flat|vol=low|rates=stable|credit=neutral
2013-11-21,up,low,up,risk_on,trend=up|vol=low|rates=up|credit=risk_on
2013-11-22,up,low,up,neutral,trend=up|vol=low|rates=up|credit=neutral
2013-11-25,up,low,up,neutral,trend=up|vol=low|rates=up|credit=neutral
2013-11-26,up,low,stable,neutral,trend=up|vol=low|rates=stable|credit=neutral
2013-11-27,up,low,up,neutral,trend=up|vol=low|rates=up|credit=neutral
2013-11-29,up,low,up,neutral,trend=up|vol=low|rates=up|credit=neutral
2013-12-02,up,low,up,risk_on,trend=up|vol=low|rates=up|credit=risk_on
2013-12-03,up,low,up,neutral,trend=up|vol=low|rates=up|credit=neutral
2013-12-04,flat,low,stable,neutral,trend=flat|vol=low|rates=stable|credit=neutral
2013-12-05,flat,low,up,neutral,trend=flat|vol=low|rates=up|credit=neutral
2013-12-06,up,low,stable,neutral,trend=up|vol=low|rates=stable|credit=neutral
2013-12-09,up,low,stable,neutral,trend=up|vol=low|rates=stable|credit=neutral
2013-12-10,flat,low,stable,neutral,trend=flat|vol=low|rates=stable|credit=neutral
2013-12-11,flat,low,stable,neutral,trend=flat|vol=low|rates=stable|credit=neutral
2013-12-12,flat,low,stable,neutral,trend=flat|vol=low|rates=stable|credit=neutral
2013-12-13,flat,low,stable,neutral,trend=flat|vol=low|rates=stable|credit=neutral
2013-12-16,flat,mid,up,neutral,trend=flat|vol=mid|rates=up|credit=neutral
2013-12-17,flat,mid,stable,neutral,trend=flat|vol=mid|rates=stable|credit=neutral
2013-12-18,flat,low,up,neutral,trend=flat|vol=low|rates=up|credit=neutral
2013-12-19,flat,low,up,neutral,trend=flat|vol=low|rates=up|credit=neutral
2013-12-20,up,low,stable,neutral,trend=up|vol=low|rates=stable|credit=neutral
2013-12-23,up,low,stable,neutral,trend=up|vol=low|rates=stable|credit=neutral
2013-12-24,flat,low,up,neutral,trend=flat|vol=low|rates=up|credit=neutral
2013-12-26,up,low,up,neutral,trend=up|vol=low|rates=up|credit=neutral
2013-12-27,up,low,up,neutral,trend=up|vol=low|rates=up|credit=neutral
2013-12-30,up,low,up,neutral,trend=up|vol=low|rates=up|credit=neutral
2013-12-31,up,low,up,neutral,trend=up|vol=low|rates=up|credit=neutral
2014-01-02,flat,low,stable,neutral,trend=flat|vol=low|rates=stable|credit=neutral
2014-01-03,up,low,up,neutral,trend=up|vol=low|rates=up|credit=neutral
2014-01-06,up,low,stable,neutral,trend=up|vol=low|rates=stable|credit=neutral
2014-01-07,up,low,stable,neutral,trend=up|vol=low|rates=stable|credit=neutral
2014-01-08,flat,low,stable,neutral,trend=flat|vol=low|rates=stable|credit=neutral
2014-01-09,flat,low,stable,neutral,trend=flat|vol=low|rates=stable|credit=neutral
2014-01-10,up,low,stable,neutral,trend=up|vol=low|rates=stable|credit=neutral
2014-01-13,up,low,stable,neutral,trend=up|vol=low|rates=stable|credit=neutral
2014-01-14,up,low,stable,neutral,trend=up|vol=low|rates=stable|credit=neutral
2014-01-15,up,low,stable,neutral,trend=up|vol=low|rates=stable|credit=neutral
2014-01-16,up,low,stable,neutral,trend=up|vol=low|rates=stable|credit=neutral
2014-01-17,up,low,stable,neutral,trend=up|vol=low|rates=stable|credit=neutral
2014-01-21,flat,low,stable,neutral,trend=flat|vol=low|rates=stable|credit=neutral
2014-01-22,up,low,stable,neutral,trend=up|vol=low|rates=stable|credit=neutral
2014-01-23,flat,low,stable,neutral,trend=flat|vol=low|rates=stable|credit=neutral
2014-01-24,flat,mid,stable,neutral,trend=flat|vol=mid|rates=stable|credit=neutral
2014-01-27,down,mid,down,neutral,trend=down|vol=mid|rates=down|credit=neutral
2014-01-28,down,low,down,neutral,trend=down|vol=low|rates=down|credit=neutral
2014-01-29,down,mid,down,risk_off,trend=down|vol=mid|rates=down|credit=risk_off
2014-01-30,down,mid,down,neutral,trend=down|vol=mid|rates=down|credit=neutral
2014-01-31,down,mid,down,risk_off,trend=down|vol=mid|rates=down|credit=risk_off
2014-02-03,down,mid,down,risk_off,trend=down|vol=mid|rates=down|credit=risk_off
2014-02-04,down,mid,down,risk_off,trend=down|vol=mid|rates=down|credit=risk_off
2014-02-05,down,mid,down,risk_off,trend=down|vol=mid|rates=down|credit=risk_off
2014-02-06,down,mid,down,neutral,trend=down|vol=mid|rates=down|credit=neutral
2014-02-07,down,low,down,risk_off,trend=down|vol=low|rates=down|credit=risk_off
2014-02-10,flat,low,down,neutral,trend=flat|vol=low|rates=down|credit=neutral
2014-02-11,flat,low,stable,neutral,trend=flat|vol=low|rates=stable|credit=neutral
2014-02-12,flat,low,stable,neutral,trend=flat|vol=low|rates=stable|credit=neutral
2014-02-13,flat,low,stable,neutral,trend=flat|vol=low|rates=stable|credit=neutral
2014-02-14,flat,low,stable,neutral,trend=flat|vol=low|rates=stable|credit=neutral
2014-02-18,flat,low,stable,neutral,trend=flat|vol=low|rates=stable|credit=neutral
2014-02-19,flat,low,stable,neutral,trend=flat|vol=low|rates=stable|credit=neutral
2014-02-20,flat,low,stable,neutral,trend=flat|vol=low|rates=stable|credit=neutral
2014-02-21,flat,low,stable,neutral,trend=flat|vol=low|rates=stable|credit=neutral
2014-02-24,flat,low,stable,neutral,trend=flat|vol=low|rates=stable|credit=neutral
2014-02-25,up,low,stable,neutral,trend=up|vol=low|rates=stable|credit=neutral
2014-02-26,up,low,stable,neutral,trend=up|vol=low|rates=stable|credit=neutral
2014-02-27,up,low,stable,neutral,trend=up|vol=low|rates=stable|credit=neutral
2014-02-28,up,low,stable,neutral,trend=up|vol=low|rates=stable|credit=neutral
2014-03-03,up,mid,stable,neutral,trend=up|vol=mid|rates=stable|credit=neutral
2014-03-04,up,low,stable,risk_on,trend=up|vol=low|rates=stable|credit=risk_on
2014-03-05,up,low,stable,risk_on,trend=up|vol=low|rates=stable|credit=risk_on
2014-03-06,up,low,stable,risk_on,trend=up|vol=low|rates=stable|credit=risk_on
2014-03-07,up,low,stable,risk_on,trend=up|vol=low|rates=stable|credit=risk_on
2014-03-10,up,low,stable,risk_on,trend=up|vol=low|rates=stable|credit=risk_on
2014-03-11,up,low,stable,risk_on,trend=up|vol=low|rates=stable|credit=risk_on
2014-03-12,up,low,stable,neutral,trend=up|vol=low|rates=stable|credit=neutral
2014-03-13,flat,mid,stable,neutral,trend=flat|vol=mid|rates=stable|credit=neutral
2014-03-14,flat,mid,stable,neutral,trend=flat|vol=mid|rates=stable|credit=neutral
2014-03-17,flat,low,stable,neutral,trend=flat|vol=low|rates=stable|credit=neutral
2014-03-18,flat,low,stable,neutral,trend=flat|vol=low|rates=stable|credit=neutral
2014-03-19,flat,low,stable,neutral,trend=flat|vol=low|rates=stable|credit=neutral
2014-03-20,up,low,stable,neutral,trend=up|vol=low|rates=stable|credit=neutral
2014-03-21,flat,low,stable,neutral,trend=flat|vol=low|rates=stable|credit=neutral
2014-03-24,flat,low,stable,neutral,trend=flat|vol=low|rates=stable|credit=neutral
2014-03-25,flat,low,stable,neutral,trend=flat|vol=low|rates=stable|credit=neutral
2014-03-26,flat,low,stable,neutral,trend=flat|vol=low|rates=stable|credit=neutral
2014-03-27,flat,low,stable,neutral,trend=flat|vol=low|rates=stable|credit=neutral
2014-03-28,flat,low,stable,neutral,trend=flat|vol=low|rates=stable|credit=neutral
2014-03-31,flat,low,stable,neutral,trend=flat|vol=low|rates=stable|credit=neutral
2014-04-01,up,low,stable,neutral,trend=up|vol=low|rates=stable|credit=neutral
2014-04-02,flat,low,stable,neutral,trend=flat|vol=low|rates=stable|credit=neutral
2014-04-03,flat,low,stable,neutral,trend=flat|vol=low|rates=stable|credit=neutral
2014-04-04,flat,low,stable,neutral,trend=flat|vol=low|rates=stable|credit=neutral
2014-04-07,flat,low,stable,neutral,trend=flat|vol=low|rates=stable|credit=neutral
2014-04-08,flat,low,stable,risk_off,trend=flat|vol=low|rates=stable|credit=risk_off
2014-04-09,flat,low,stable,neutral,trend=flat|vol=low|rates=stable|credit=neutral
2014-04-10,flat,low,stable,risk_off,trend=flat|vol=low|rates=stable|credit=risk_off
2014-04-11,flat,mid,stable,neutral,trend=flat|vol=mid|rates=stable|credit=neutral
2014-04-14,flat,mid,stable,neutral,trend=flat|vol=mid|rates=stable|credit=neutral
2014-04-15,flat,low,stable,risk_off,trend=flat|vol=low|rates=stable|credit=risk_off
2014-04-16,flat,low,stable,risk_off,trend=flat|vol=low|rates=stable|credit=risk_off
2014-04-17,flat,low,stable,neutral,trend=flat|vol=low|rates=stable|credit=neutral
2014-04-21,flat,low,stable,risk_off,trend=flat|vol=low|rates=stable|credit=risk_off
2014-04-22,flat,low,stable,neutral,trend=flat|vol=low|rates=stable|credit=neutral
2014-04-23,flat,low,stable,neutral,trend=flat|vol=low|rates=stable|credit=neutral
2014-04-24,flat,low,stable,neutral,trend=flat|vol=low|rates=stable|credit=neutral
2014-04-25,flat,low,stable,neutral,trend=flat|vol=low|rates=stable|credit=neutral
2014-04-28,flat,low,stable,neutral,trend=flat|vol=low|rates=stable|credit=neutral
2014-04-29,flat,low,stable,neutral,trend=flat|vol=low|rates=stable|credit=neutral
2014-04-30,flat,low,stable,neutral,trend=flat|vol=low|rates=stable|credit=neutral
2014-05-01,flat,low,stable,risk_off,trend=flat|vol=low|rates=stable|credit=risk_off
2014-05-02,flat,low,down,risk_off,trend=flat|vol=low|rates=down|credit=risk_off
2014-05-05,flat,low,stable,risk_off,trend=flat|vol=low|rates=stable|credit=risk_off
2014-05-06,flat,low,stable,risk_off,trend=flat|vol=low|rates=stable|credit=risk_off
2014-05-07,flat,low,stable,neutral,trend=flat|vol=low|rates=stable|credit=neutral
2014-05-08,flat,low,stable,neutral,trend=flat|vol=low|rates=stable|credit=neutral
2014-05-09,flat,low,stable,neutral,trend=flat|vol=low|rates=stable|credit=neutral
2014-05-12,up,low,stable,neutral,trend=up|vol=low|rates=stable|credit=neutral
2014-05-13,up,low,stable,neutral,trend=up|vol=low|rates=stable|credit=neutral
2014-05-14,up,low,stable,neutral,trend=up|vol=low|rates=stable|credit=neutral
2014-05-15,flat,low,stable,neutral,trend=flat|vol=low|rates=stable|credit=neutral
2014-05-16,flat,low,stable,neutral,trend=flat|vol=low|rates=stable|credit=neutral
2014-05-19,flat,low,stable,neutral,trend=flat|vol=low|rates=stable|credit=neutral
2014-05-20,flat,low,down,neutral,trend=flat|vol=low|rates=down|credit=neutral
2014-05-21,flat,low,stable,neutral,trend=flat|vol=low|rates=stable|credit=neutral
2014-05-22,flat,low,stable,neutral,trend=flat|vol=low|rates=stable|credit=neutral
2014-05-23,flat,low,stable,neutral,trend=flat|vol=low|rates=stable|credit=neutral
2014-05-27,up,low,stable,neutral,trend=up|vol=low|rates=stable|credit=neutral
2014-05-28,up,low,down,neutral,trend=up|vol=low|rates=down|credit=neutral
2014-05-29,up,low,down,neutral,trend=up|vol=low|rates=down|credit=neutral
2014-05-30,up,low,stable,neutral,trend=up|vol=low|rates=stable|credit=neutral
2014-06-02,up,low,stable,neutral,trend=up|vol=low|rates=stable|credit=neutral
2014-06-03,up,low,stable,neutral,trend=up|vol=low|rates=stable|credit=neutral
2014-06-04,up,low,stable,neutral,trend=up|vol=low|rates=stable|credit=neutral
2014-06-05,up,low,stable,neutral,trend=up|vol=low|rates=stable|credit=neutral
2014-06-06,up,low,stable,neutral,trend=up|vol=low|rates=stable|credit=neutral
2014-06-09,up,low,stable,risk_on,trend=up|vol=low|rates=stable|credit=risk_on
2014-06-10,up,low,stable,risk_on,trend=up|vol=low|rates=stable|credit=risk_on
2014-06-11,up,low,stable,neutral,trend=up|vol=low|rates=stable|credit=neutral
2014-06-12,flat,low,stable,neutral,trend=flat|vol=low|rates=stable|credit=neutral
2014-06-13,up,low,stable,risk_on,trend=up|vol=low|rates=stable|credit=risk_on
2014-06-16,up,low,stable,risk_on,trend=up|vol=low|rates=stable|credit=risk_on
2014-06-17,up,low,stable,risk_on,trend=up|vol=low|rates=stable|credit=risk_on
2014-06-18,up,low,stable,neutral,trend=up|vol=low|rates=stable|credit=neutral
2014-06-19,up,low,stable,risk_on,trend=up|vol=low|rates=stable|credit=risk_on
2014-06-20,up,low,stable,risk_on,trend=up|vol=low|rates=stable|credit=risk_on
2014-06-23,up,low,stable,risk_on,trend=up|vol=low|rates=stable|credit=risk_on
2014-06-24,up,low,stable,neutral,trend=up|vol=low|rates=stable|credit=neutral
2014-06-25,up,low,stable,neutral,trend=up|vol=low|rates=stable|credit=neutral
2014-06-26,up,low,stable,risk_on,trend=up|vol=low|rates=stable|credit=risk_on
2014-06-27,up,low,stable,neutral,trend=up|vol=low|rates=stable|credit=neutral
2014-06-30,up,low,stable,neutral,trend=up|vol=low|rates=stable|credit=neutral
2014-07-01,up,low,stable,neutral,trend=up|vol=low|rates=stable|credit=neutral
2014-07-02,up,low,stable,neutral,trend=up|vol=low|rates=stable|credit=neutral
2014-07-03,up,low,stable,neutral,trend=up|vol=low|rates=stable|credit=neutral
2014-07-07,up,low,stable,neutral,trend=up|vol=low|rates=stable|credit=neutral
2014-07-08,flat,low,stable,neutral,trend=flat|vol=low|rates=stable|credit=neutral
2014-07-09,flat,low,stable,neutral,trend=flat|vol=low|rates=stable|credit=neutral
2014-07-10,flat,low,stable,neutral,trend=flat|vol=low|rates=stable|credit=neutral
2014-07-11,flat,low,stable,risk_off,trend=flat|vol=low|rates=stable|credit=risk_off
2014-07-14,up,low,stable,neutral,trend=up|vol=low|rates=stable|credit=neutral
2014-07-15,up,low,stable,neutral,trend=up|vol=low|rates=stable|credit=neutral
2014-07-16,up,low,stable,risk_off,trend=up|vol=low|rates=stable|credit=risk_off
2014-07-17,flat,low,stable,risk_off,trend=flat|vol=low|rates=stable|credit=risk_off
2014-07-18,flat,low,stable,risk_off,trend=flat|vol=low|rates=stable|credit=risk_off
2014-07-21,flat,low,stable,risk_off,trend=flat|vol=low|rates=stable|credit=risk_off
2014-07-22,flat,low,stable,risk_off,trend=flat|vol=low|rates=stable|credit=risk_off
2014-07-23,flat,low,stable,risk_off,trend=flat|vol=low|rates=stable|credit=risk_off
2014-07-24,up,low,stable,neutral,trend=up|vol=low|rates=stable|credit=neutral
2014-07-25,flat,low,stable,risk_off,trend=flat|vol=low|rates=stable|credit=risk_off
2014-07-28,flat,low,stable,risk_off,trend=flat|vol=low|rates=stable|credit=risk_off
2014-07-29,flat,low,stable,risk_off,trend=flat|vol=low|rates=stable|credit=risk_off
2014-07-30,flat,low,stable,risk_off,trend=flat|vol=low|rates=stable|credit=risk_off
2014-07-31,flat,mid,stable,risk_off,trend=flat|vol=mid|rates=stable|credit=risk_off
2014-08-01,down,mid,stable,risk_off,trend=down|vol=mid|rates=stable|credit=risk_off
2014-08-04,down,low,stable,risk_off,trend=down|vol=low|rates=stable|credit=risk_off
2014-08-05,down,mid,stable,risk_off,trend=down|vol=mid|rates=stable|credit=risk_off
2014-08-06,down,mid,stable,risk_off,trend=down|vol=mid|rates=stable|credit=risk_off
2014-08-07,down,mid,stable,risk_off,trend=down|vol=mid|rates=stable|credit=risk_off
2014-08-08,flat,low,stable,risk_off,trend=flat|vol=low|rates=stable|credit=risk_off
2014-08-11,flat,low,stable,neutral,trend=flat|vol=low|rates=stable|credit=neutral
2014-08-12,down,low,stable,risk_off,trend=down|vol=low|rates=stable|credit=risk_off
2014-08-13,flat,low,stable,neutral,trend=flat|vol=low|rates=stable|credit=neutral
2014-08-14,flat,low,stable,neutral,trend=flat|vol=low|rates=stable|credit=neutral
2014-08-15,flat,low,stable,neutral,trend=flat|vol=low|rates=stable|credit=neutral
2014-08-18,flat,low,stable,neutral,trend=flat|vol=low|rates=stable|credit=neutral
2014-08-19,flat,low,stable,neutral,trend=flat|vol=low|rates=stable|credit=neutral
2014-08-20,flat,low,stable,neutral,trend=flat|vol=low|rates=stable|credit=neutral
2014-08-21,flat,low,stable,neutral,trend=flat|vol=low|rates=stable|credit=neutral
2014-08-22,flat,low,stable,neutral,trend=flat|vol=low|rates=stable|credit=neutral
2014-08-25,flat,low,stable,neutral,trend=flat|vol=low|rates=stable|credit=neutral
2014-08-26,flat,low,stable,neutral,trend=flat|vol=low|rates=stable|credit=neutral
2014-08-27,flat,low,stable,neutral,trend=flat|vol=low|rates=stable|credit=neutral
2014-08-28,flat,low,down,neutral,trend=flat|vol=low|rates=down|credit=neutral
2014-08-29,up,low,down,neutral,trend=up|vol=low|rates=down|credit=neutral
2014-09-02,up,low,stable,risk_on,trend=up|vol=low|rates=stable|credit=risk_on
2014-09-03,up,low,stable,neutral,trend=up|vol=low|rates=stable|credit=neutral
2014-09-04,up,low,stable,risk_on,trend=up|vol=low|rates=stable|credit=risk_on
2014-09-05,up,low,stable,neutral,trend=up|vol=low|rates=stable|credit=neutral
2014-09-08,up,low,stable,neutral,trend=up|vol=low|rates=stable|credit=neutral
2014-09-09,up,low,stable,neutral,trend=up|vol=low|rates=stable|credit=neutral
2014-09-10,up,low,stable,neutral,trend=up|vol=low|rates=stable|credit=neutral
2014-09-11,up,low,stable,neutral,trend=up|vol=low|rates=stable|credit=neutral
2014-09-12,up,low,stable,neutral,trend=up|vol=low|rates=stable|credit=neutral
2014-09-15,flat,low,up,neutral,trend=flat|vol=low|rates=up|credit=neutral
2014-09-16,up,low,up,neutral,trend=up|vol=low|rates=up|credit=neutral
2014-09-17,flat,low,up,neutral,trend=flat|vol=low|rates=up|credit=neutral
2014-09-18,flat,low,up,neutral,trend=flat|vol=low|rates=up|credit=neutral
2014-09-19,flat,low,stable,neutral,trend=flat|vol=low|rates=stable|credit=neutral
2014-09-22,flat,low,stable,neutral,trend=flat|vol=low|rates=stable|credit=neutral
2014-09-23,flat,low,stable,neutral,trend=flat|vol=low|rates=stable|credit=neutral
2014-09-24,flat,low,stable,neutral,trend=flat|vol=low|rates=stable|credit=neutral
2014-09-25,flat,low,stable,risk_off,trend=flat|vol=low|rates=stable|credit=risk_off
2014-09-26,flat,low,stable,risk_off,trend=flat|vol=low|rates=stable|credit=risk_off
2014-09-29,flat,low,stable,neutral,trend=flat|vol=low|rates=stable|credit=neutral
2014-09-30,flat,mid,stable,neutral,trend=flat|vol=mid|rates=stable|credit=neutral
2014-10-01,down,mid,stable,risk_off,trend=down|vol=mid|rates=stable|credit=risk_off
2014-10-02,down,mid,stable,neutral,trend=down|vol=mid|rates=stable|credit=neutral
2014-10-03,flat,low,stable,risk_off,trend=flat|vol=low|rates=stable|credit=risk_off
2014-10-06,flat,low,stable,neutral,trend=flat|vol=low|rates=stable|credit=neutral
2014-10-07,down,mid,stable,risk_off,trend=down|vol=mid|rates=stable|credit=risk_off
2014-10-08,flat,low,stable,risk_off,trend=flat|vol=low|rates=stable|credit=risk_off
2014-10-09,down,mid,down,risk_off,trend=down|vol=mid|rates=down|credit=risk_off
2014-10-10,down,mid,down,risk_off,trend=down|vol=mid|rates=down|credit=risk_off
2014-10-13,down,mid,,risk_off,trend=down|vol=mid|credit=risk_off
2014-10-14,down,mid,down,risk_off,trend=down|vol=mid|rates=down|credit=risk_off
2014-10-15,down,high,down,risk_off,trend=down|vol=high|rates=down|credit=risk_off
2014-10-16,down,high,down,risk_off,trend=down|vol=high|rates=down|credit=risk_off
2014-10-17,down,mid,down,risk_off,trend=down|vol=mid|rates=down|credit=risk_off
2014-10-20,down,mid,down,risk_off,trend=down|vol=mid|rates=down|credit=risk_off
2014-10-21,down,mid,down,risk_off,trend=down|vol=mid|rates=down|credit=risk_off
2014-10-22,down,mid,down,risk_off,trend=down|vol=mid|rates=down|credit=risk_off
2014-10-23,down,mid,down,neutral,trend=down|vol=mid|rates=down|credit=neutral
2014-10-24,flat,mid,down,neutral,trend=flat|vol=mid|rates=down|credit=neutral
2014-10-27,flat,mid,down,neutral,trend=flat|vol=mid|rates=down|credit=neutral
2014-10-28,flat,low,down,neutral,trend=flat|vol=low|rates=down|credit=neutral
2014-10-29,flat,low,stable,neutral,trend=flat|vol=low|rates=stable|credit=neutral
2014-10-30,up,low,down,neutral,trend=up|vol=low|rates=down|credit=neutral
2014-10-31,up,low,stable,neutral,trend=up|vol=low|rates=stable|credit=neutral
2014-11-03,up,low,stable,neutral,trend=up|vol=low|rates=stable|credit=neutral
2014-11-04,up,low,stable,neutral,trend=up|vol=low|rates=stable|credit=neutral
2014-11-05,up,low,stable,neutral,trend=up|vol=low|rates=stable|credit=neutral
2014-11-06,up,low,stable,risk_on,trend=up|vol=low|rates=stable|credit=risk_on
2014-11-07,up,low,stable,risk_on,trend=up|vol=low|rates=stable|credit=risk_on
2014-11-10,up,low,stable,risk_on,trend=up|vol=low|rates=stable|credit=risk_on
2014-11-11,up,low,,risk_on,trend=up|vol=low|credit=risk_on
2014-11-12,up,low,stable,risk_on,trend=up|vol=low|rates=stable|credit=risk_on
2014-11-13,up,low,stable,risk_on,trend=up|vol=low|rates=stable|credit=risk_on
2014-11-14,up,low,stable,risk_on,trend=up|vol=low|rates=stable|credit=risk_on
2014-11-17,up,low,stable,risk_on,trend=up|vol=low|rates=stable|credit=risk_on
2014-11-18,up,low,stable,neutral,trend=up|vol=low|rates=stable|credit=neutral
2014-11-19,up,low,stable,neutral,trend=up|vol=low|rates=stable|credit=neutral
2014-11-20,up,low,stable,neutral,trend=up|vol=low|rates=stable|credit=neutral
2014-11-21,up,low,stable,neutral,trend=up|vol=low|rates=stable|credit=neutral
2014-11-24,up,low,stable,neutral,trend=up|vol=low|rates=stable|credit=neutral
2014-11-25,up,low,stable,neutral,trend=up|vol=low|rates=stable|credit=neutral
2014-11-26,up,low,stable,neutral,trend=up|vol=low|rates=stable|credit=neutral
2014-11-28,up,low,stable,risk_off,trend=up|vol=low|rates=stable|credit=risk_off
2014-12-01,up,low,stable,risk_off,trend=up|vol=low|rates=stable|credit=risk_off
2014-12-02,up,low,stable,risk_off,trend=up|vol=low|rates=stable|credit=risk_off
2014-12-03,up,low,stable,risk_off,trend=up|vol=low|rates=stable|credit=risk_off
2014-12-04,up,low,stable,risk_off,trend=up|vol=low|rates=stable|credit=risk_off
2014-12-05,up,low,stable,risk_off,trend=up|vol=low|rates=stable|credit=risk_off
2014-12-08,flat,low,stable,risk_off,trend=flat|vol=low|rates=stable|credit=risk_off
2014-12-09,flat,low,stable,risk_off,trend=flat|vol=low|rates=stable|credit=risk_off
2014-12-10,flat,mid,stable,risk_off,trend=flat|vol=mid|rates=stable|credit=risk_off
2014-12-11,flat,mid,stable,risk_off,trend=flat|vol=mid|rates=stable|credit=risk_off
2014-12-12,flat,mid,down,risk_off,trend=flat|vol=mid|rates=down|credit=risk_off
2014-12-15,down,mid,down,risk_off,trend=down|vol=mid|rates=down|credit=risk_off
2014-12-16,down,mid,down,risk_off,trend=down|vol=mid|rates=down|credit=risk_off
2014-12-17,flat,mid,stable,risk_off,trend=flat|vol=mid|rates=stable|credit=risk_off
2014-12-18,flat,mid,stable,risk_off,trend=flat|vol=mid|rates=stable|credit=risk_off
2014-12-19,flat,mid,stable,risk_off,trend=flat|vol=mid|rates=stable|credit=risk_off
2014-12-22,flat,low,stable,risk_off,trend=flat|vol=low|rates=stable|credit=risk_off
2014-12-23,flat,low,stable,risk_off,trend=flat|vol=low|rates=stable|credit=risk_off
2014-12-24,flat,low,stable,risk_off,trend=flat|vol=low|rates=stable|credit=risk_off
2014-12-26,flat,low,stable,risk_off,trend=flat|vol=low|rates=stable|credit=risk_off
2014-12-29,flat,low,stable,risk_off,trend=flat|vol=low|rates=stable|credit=risk_off
2014-12-30,flat,low,stable,neutral,trend=flat|vol=low|rates=stable|credit=neutral
2014-12-31,flat,mid,stable,neutral,trend=flat|vol=mid|rates=stable|credit=neutral
2015-01-02,flat,mid,stable,risk_off,trend=flat|vol=mid|rates=stable|credit=risk_off
2015-01-05,down,mid,down,risk_off,trend=down|vol=mid|rates=down|credit=risk_off
2015-01-06,down,mid,down,risk_off,trend=down|vol=mid|rates=down|credit=risk_off
2015-01-07,down,mid,down,risk_off,trend=down|vol=mid|rates=down|credit=risk_off
2015-01-08,flat,mid,down,risk_off,trend=flat|vol=mid|rates=down|credit=risk_off
2015-01-09,flat,mid,down,risk_off,trend=flat|vol=mid|rates=down|credit=risk_off
2015-01-12,flat,mid,down,neutral,trend=flat|vol=mid|rates=down|credit=neutral
2015-01-13,flat,mid,down,neutral,trend=flat|vol=mid|rates=down|credit=neutral
2015-01-14,flat,mid,down,risk_on,trend=flat|vol=mid|rates=down|credit=risk_on
2015-01-15,flat,mid,down,neutral,trend=flat|vol=mid|rates=down|credit=neutral
2015-01-16,up,mid,down,risk_on,trend=up|vol=mid|rates=down|credit=risk_on
2015-01-20,flat,mid,down,neutral,trend=flat|vol=mid|rates=down|credit=neutral
2015-01-21,flat,mid,down,risk_off,trend=flat|vol=mid|rates=down|credit=risk_off
2015-01-22,flat,mid,down,risk_off,trend=flat|vol=mid|rates=down|credit=risk_off
2015-01-23,flat,mid,down,risk_off,trend=flat|vol=mid|rates=down|credit=risk_off
2015-01-26,flat,low,down,risk_off,trend=flat|vol=low|rates=down|credit=risk_off
2015-01-27,down,mid,down,risk_off,trend=down|vol=mid|rates=down|credit=risk_off
2015-01-28,down,mid,down,risk_off,trend=down|vol=mid|rates=down|credit=risk_off
2015-01-29,down,mid,down,risk_off,trend=down|vol=mid|rates=down|credit=risk_off
2015-01-30,down,mid,down,risk_off,trend=down|vol=mid|rates=down|credit=risk_off
2015-02-02,flat,mid,down,risk_off,trend=flat|vol=mid|rates=down|credit=risk_off
2015-02-03,flat,mid,down,neutral,trend=flat|vol=mid|rates=down|credit=neutral
2015-02-04,flat,mid,down,neutral,trend=flat|vol=mid|rates=down|credit=neutral
2015-02-05,up,mid,stable,risk_on,trend=up|vol=mid|rates=stable|credit=risk_on
2015-02-06,flat,mid,stable,risk_on,trend=flat|vol=mid|rates=stable|credit=risk_on
2015-02-09,flat,mid,stable,neutral,trend=flat|vol=mid|rates=stable|credit=neutral
2015-02-10,flat,mid,stable,risk_on,trend=flat|vol=mid|rates=stable|credit=risk_on
2015-02-11,up,mid,stable,risk_on,trend=up|vol=mid|rates=stable|credit=risk_on
2015-02-12,up,low,stable,risk_on,trend=up|vol=low|rates=stable|credit=risk_on
2015-02-13,up,low,stable,risk_on,trend=up|vol=low|rates=stable|credit=risk_on
2015-02-17,up,low,up,risk_on,trend=up|vol=low|rates=up|credit=risk_on
2015-02-18,up,low,up,risk_on,trend=up|vol=low|rates=up|credit=risk_on
2015-02-19,up,low,up,risk_on,trend=up|vol=low|rates=up|credit=risk_on
2015-02-20,up,low,up,risk_on,trend=up|vol=low|rates=up|credit=risk_on
2015-02-23,up,low,stable,risk_on,trend=up|vol=low|rates=stable|credit=risk_on
2015-02-24,up,low,stable,risk_on,trend=up|vol=low|rates=stable|credit=risk_on
2015-02-25,up,low,stable,risk_on,trend=up|vol=low|rates=stable|credit=risk_on
2015-02-26,up,low,stable,risk_on,trend=up|vol=low|rates=stable|credit=risk_on
2015-02-27,up,low,up,risk_on,trend=up|vol=low|rates=up|credit=risk_on
2015-03-02,up,low,up,risk_on,trend=up|vol=low|rates=up|credit=risk_on
2015-03-03,up,low,up,risk_on,trend=up|vol=low|rates=up|credit=risk_on
2015-03-04,up,low,up,risk_on,trend=up|vol=low|rates=up|credit=risk_on
2015-03-05,up,low,up,risk_on,trend=up|vol=low|rates=up|credit=risk_on
2015-03-06,flat,low,up,risk_on,trend=flat|vol=low|rates=up|credit=risk_on
2015-03-09,flat,low,up,risk_on,trend=flat|vol=low|rates=up|credit=risk_on
2015-03-10,flat,mid,stable,neutral,trend=flat|vol=mid|rates=stable|credit=neutral
2015-03-11,flat,mid,stable,neutral,trend=flat|vol=mid|rates=stable|credit=neutral
2015-03-12,flat,low,stable,neutral,trend=flat|vol=low|rates=stable|credit=neutral
2015-03-13,flat,mid,stable,neutral,trend=flat|vol=mid|rates=stable|credit=neutral
2015-03-16,flat,low,stable,neutral,trend=flat|vol=low|rates=stable|credit=neutral
2015-03-17,flat,low,stable,risk_off,trend=flat|vol=low|rates=stable|credit=risk_off
2015-03-18,flat,low,down,risk_off,trend=flat|vol=low|rates=down|credit=risk_off
2015-03-19,flat,low,stable,risk_off,trend=flat|vol=low|rates=stable|credit=risk_off
2015-03-20,flat,low,stable,risk_off,trend=flat|vol=low|rates=stable|credit=risk_off
2015-03-23,flat,low,down,risk_off,trend=flat|vol=low|rates=down|credit=risk_off
2015-03-24,flat,low,stable,risk_off,trend=flat|vol=low|rates=stable|credit=risk_off
2015-03-25,down,low,stable,neutral,trend=down|vol=low|rates=stable|credit=neutral
2015-03-26,down,low,stable,neutral,trend=down|vol=low|rates=stable|credit=neutral
2015-03-27,down,low,stable,risk_off,trend=down|vol=low|rates=stable|credit=risk_off
2015-03-30,flat,low,stable,neutral,trend=flat|vol=low|rates=stable|credit=neutral
2015-03-31,down,low,stable,risk_off,trend=down|vol=low|rates=stable|credit=risk_off
2015-04-01,down,low,down,risk_off,trend=down|vol=low|rates=down|credit=risk_off
2015-04-02,flat,low,down,risk_off,trend=flat|vol=low|rates=down|credit=risk_off
2015-04-03,,,down,,rates=down
2015-04-06,flat,low,down,risk_off,trend=flat|vol=low|rates=down|credit=risk_off
2015-04-07,flat,low,down,risk_off,trend=flat|vol=low|rates=down|credit=risk_off
2015-04-08,flat,low,down,risk_off,trend=flat|vol=low|rates=down|credit=risk_off
2015-04-09,up,low,stable,neutral,trend=up|vol=low|rates=stable|credit=neutral
2015-04-10,up,low,stable,neutral,trend=up|vol=low|rates=stable|credit=neutral
2015-04-13,flat,low,stable,neutral,trend=flat|vol=low|rates=stable|credit=neutral
2015-04-14,up,low,down,neutral,trend=up|vol=low|rates=down|credit=neutral
2015-04-15,flat,low,stable,neutral,trend=flat|vol=low|rates=stable|credit=neutral
2015-04-16,flat,low,stable,neutral,trend=flat|vol=low|rates=stable|credit=neutral
2015-04-17,flat,low,stable,neutral,trend=flat|vol=low|rates=stable|credit=neutral
2015-04-20,flat,low,stable,risk_on,trend=flat|vol=low|rates=stable|credit=risk_on
2015-04-21,flat,low,stable,neutral,trend=flat|vol=low|rates=stable|credit=neutral
2015-04-22,flat,low,stable,risk_on,trend=flat|vol=low|rates=stable|credit=risk_on
2015-04-23,flat,low,stable,risk_on,trend=flat|vol=low|rates=stable|credit=risk_on
2015-04-24,up,low,stable,risk_on,trend=up|vol=low|rates=stable|credit=risk_on
2015-04-27,up,low,stable,neutral,trend=up|vol=low|rates=stable|credit=neutral
2015-04-28,up,low,stable,risk_on,trend=up|vol=low|rates=stable|credit=risk_on
2015-04-29,flat,low,stable,risk_on,trend=flat|vol=low|rates=stable|credit=risk_on
2015-04-30,flat,low,stable,risk_on,trend=flat|vol=low|rates=stable|credit=risk_on
2015-05-01,up,low,up,risk_on,trend=up|vol=low|rates=up|credit=risk_on
2015-05-04,up,low,up,risk_on,trend=up|vol=low|rates=up|credit=risk_on
2015-05-05,flat,low,up,risk_on,trend=flat|vol=low|rates=up|credit=risk_on
2015-05-06,flat,low,up,risk_on,trend=flat|vol=low|rates=up|credit=risk_on
2015-05-07,flat,low,up,risk_on,trend=flat|vol=low|rates=up|credit=risk_on
2015-05-08,flat,low,stable,risk_on,trend=flat|vol=low|rates=stable|credit=risk_on
2015-05-11,flat,low,up,risk_on,trend=flat|vol=low|rates=up|credit=risk_on
2015-05-12,flat,low,up,risk_on,trend=flat|vol=low|rates=up|credit=risk_on
2015-05-13,flat,low,up,risk_on,trend=flat|vol=low|rates=up|credit=risk_on
2015-05-14,flat,low,up,risk_on,trend=flat|vol=low|rates=up|credit=risk_on
2015-05-15,flat,low,up,risk_on,trend=flat|vol=low|rates=up|credit=risk_on
2015-05-18,up,low,up,risk_on,trend=up|vol=low|rates=up|credit=risk_on
2015-05-19,flat,low,up,risk_on,trend=flat|vol=low|rates=up|credit=risk_on
2015-05-20,flat,low,up,risk_on,trend=flat|vol=low|rates=up|credit=risk_on
2015-05-21,flat,low,stable,risk_on,trend=flat|vol=low|rates=stable|credit=risk_on
2015-05-22,flat,low,up,risk_on,trend=flat|vol=low|rates=up|credit=risk_on
2015-05-26,flat,low,up,risk_on,trend=flat|vol=low|rates=up|credit=risk_on
2015-05-27,flat,low,up,risk_on,trend=flat|vol=low|rates=up|credit=risk_on
2015-05-28,flat,low,stable,risk_on,trend=flat|vol=low|rates=stable|credit=risk_on
2015-05-29,flat,low,stable,risk_on,trend=flat|vol=low|rates=stable|credit=risk_on
2015-06-01,flat,low,stable,risk_on,trend=flat|vol=low|rates=stable|credit=risk_on
2015-06-02,flat,low,stable,risk_on,trend=flat|vol=low|rates=stable|credit=risk_on
2015-06-03,flat,low,up,risk_on,trend=flat|vol=low|rates=up|credit=risk_on
2015-06-04,flat,low,stable,neutral,trend=flat|vol=low|rates=stable|credit=neutral
2015-06-05,flat,low,stable,neutral,trend=flat|vol=low|rates=stable|credit=neutral
2015-06-08,flat,low,up,risk_on,trend=flat|vol=low|rates=up|credit=risk_on
2015-06-09,flat,low,up,risk_on,trend=flat|vol=low|rates=up|credit=risk_on
2015-06-10,flat,low,up,risk_on,trend=flat|vol=low|rates=up|credit=risk_on
2015-06-11,flat,low,stable,neutral,trend=flat|vol=low|rates=stable|credit=neutral
2015-06-12,flat,low,stable,neutral,trend=flat|vol=low|rates=stable|credit=neutral
2015-06-15,flat,low,stable,neutral,trend=flat|vol=low|rates=stable|credit=neutral
2015-06-16,flat,low,stable,neutral,trend=flat|vol=low|rates=stable|credit=neutral
2015-06-17,flat,low,stable,neutral,trend=flat|vol=low|rates=stable|credit=neutral
2015-06-18,flat,low,stable,neutral,trend=flat|vol=low|rates=stable|credit=neutral
2015-06-19,flat,low,stable,neutral,trend=flat|vol=low|rates=stable|credit=neutral
2015-06-22,flat,low,stable,risk_on,trend=flat|vol=low|rates=stable|credit=risk_on
2015-06-23,flat,low,up,risk_on,trend=flat|vol=low|rates=up|credit=risk_on
2015-06-24,flat,low,up,risk_on,trend=flat|vol=low|rates=up|credit=risk_on
2015-06-25,flat,low,up,neutral,trend=flat|vol=low|rates=up|credit=neutral
2015-06-26,flat,low,up,neutral,trend=flat|vol=low|rates=up|credit=neutral
2015-06-29,down,mid,up,neutral,trend=down|vol=mid|rates=up|credit=neutral
2015-06-30,down,mid,stable,neutral,trend=down|vol=mid|rates=stable|credit=neutral
2015-07-01,flat,mid,stable,neutral,trend=flat|vol=mid|rates=stable|credit=neutral
2015-07-02,flat,mid,stable,neutral,trend=flat|vol=mid|rates=stable|credit=neutral
2015-07-06,flat,mid,stable,neutral,trend=flat|vol=mid|rates=stable|credit=neutral
2015-07-07,flat,mid,stable,risk_off,trend=flat|vol=mid|rates=stable|credit=risk_off
2015-07-08,flat,mid,stable,risk_off,trend=flat|vol=mid|rates=stable|credit=risk_off
2015-07-09,flat,mid,stable,risk_off,trend=flat|vol=mid|rates=stable|credit=risk_off
2015-07-10,flat,mid,stable,neutral,trend=flat|vol=mid|rates=stable|credit=neutral
2015-07-13,flat,low,stable,neutral,trend=flat|vol=low|rates=stable|credit=neutral
2015-07-14,flat,low,stable,neutral,trend=flat|vol=low|rates=stable|credit=neutral
2015-07-15,flat,low,stable,neutral,trend=flat|vol=low|rates=stable|credit=neutral
2015-07-16,flat,low,stable,neutral,trend=flat|vol=low|rates=stable|credit=neutral
2015-07-17,flat,low,stable,neutral,trend=flat|vol=low|rates=stable|credit=neutral
2015-07-20,flat,low,stable,neutral,trend=flat|vol=low|rates=stable|credit=neutral
2015-07-21,flat,low,stable,neutral,trend=flat|vol=low|rates=stable|credit=neutral
2015-07-22,flat,low,stable,risk_off,trend=flat|vol=low|rates=stable|credit=risk_off
2015-07-23,flat,low,stable,risk_off,trend=flat|vol=low|rates=stable|credit=risk_off
2015-07-24,flat,low,stable,risk_off,trend=flat|vol=low|rates=stable|credit=risk_off
2015-07-27,flat,low,stable,risk_off,trend=flat|vol=low|rates=stable|credit=risk_off
2015-07-28,flat,low,down,risk_off,trend=flat|vol=low|rates=down|credit=risk_off
2015-07-29,up,low,stable,neutral,trend=up|vol=low|rates=stable|credit=neutral
2015-07-30,up,low,stable,neutral,trend=up|vol=low|rates=stable|credit=neutral
2015-07-31,flat,low,down,risk_off,trend=flat|vol=low|rates=down|credit=risk_off
2015-08-03,flat,low,down,risk_off,trend=flat|vol=low|rates=down|credit=risk_off
2015-08-04,flat,low,stable,neutral,trend=flat|vol=low|rates=stable|credit=neutral
2015-08-05,flat,low,stable,neutral,trend=flat|vol=low|rates=stable|credit=neutral
2015-08-06,flat,low,stable,neutral,trend=flat|vol=low|rates=stable|credit=neutral
2015-08-07,flat,low,stable,risk_off,trend=flat|vol=low|rates=stable|credit=risk_off
2015-08-10,flat,low,stable,risk_off,trend=flat|vol=low|rates=stable|credit=risk_off
2015-08-11,flat,low,down,risk_off,trend=flat|vol=low|rates=down|credit=risk_off
2015-08-12,flat,low,down,risk_off,trend=flat|vol=low|rates=down|credit=risk_off
2015-08-13,flat,low,stable,risk_off,trend=flat|vol=low|rates=stable|credit=risk_off
2015-08-14,flat,low,stable,risk_off,trend=flat|vol=low|rates=stable|credit=risk_off
2015-08-17,flat,low,stable,risk_off,trend=flat|vol=low|rates=stable|credit=risk_off
2015-08-18,flat,low,stable,risk_off,trend=flat|vol=low|rates=stable|credit=risk_off
2015-08-19,flat,low,down,risk_off,trend=flat|vol=low|rates=down|credit=risk_off
2015-08-20,down,mid,down,risk_off,trend=down|vol=mid|rates=down|credit=risk_off
2015-08-21,down,high,down,risk_off,trend=down|vol=high|rates=down|credit=risk_off
2015-08-24,down,high,down,risk_off,trend=down|vol=high|rates=down|credit=risk_off
2015-08-25,down,high,stable,risk_off,trend=down|vol=high|rates=stable|credit=risk_off
2015-08-26,down,high,stable,risk_off,trend=down|vol=high|rates=stable|credit=risk_off
2015-08-27,down,high,stable,risk_off,trend=down|vol=high|rates=stable|credit=risk_off
2015-08-28,down,high,stable,risk_off,trend=down|vol=high|rates=stable|credit=risk_off
2015-08-31,down,high,stable,neutral,trend=down|vol=high|rates=stable|credit=neutral
2015-09-01,down,high,stable,risk_off,trend=down|vol=high|rates=stable|credit=risk_off
2015-09-02,down,high,stable,risk_off,trend=down|vol=high|rates=stable|credit=risk_off
2015-09-03,down,high,stable,risk_off,trend=down|vol=high|rates=stable|credit=risk_off
2015-09-04,down,high,stable,risk_off,trend=down|vol=high|rates=stable|credit=risk_off
2015-09-08,down,mid,stable,neutral,trend=down|vol=mid|rates=stable|credit=neutral
2015-09-09,down,high,stable,neutral,trend=down|vol=high|rates=stable|credit=neutral
2015-09-10,down,mid,stable,neutral,trend=down|vol=mid|rates=stable|credit=neutral
2015-09-11,down,mid,stable,neutral,trend=down|vol=mid|rates=stable|credit=neutral
2015-09-14,down,mid,stable,neutral,trend=down|vol=mid|rates=stable|credit=neutral
2015-09-15,down,mid,stable,neutral,trend=down|vol=mid|rates=stable|credit=neutral
2015-09-16,down,mid,stable,neutral,trend=down|vol=mid|rates=stable|credit=neutral
2015-09-17,down,mid,stable,neutral,trend=down|vol=mid|rates=stable|credit=neutral
2015-09-18,down,mid,stable,neutral,trend=down|vol=mid|rates=stable|credit=neutral
2015-09-21,down,mid,stable,neutral,trend=down|vol=mid|rates=stable|credit=neutral
2015-09-22,flat,mid,stable,neutral,trend=flat|vol=mid|rates=stable|credit=neutral
2015-09-23,up,mid,stable,neutral,trend=up|vol=mid|rates=stable|credit=neutral
2015-09-24,up,mid,stable,risk_off,trend=up|vol=mid|rates=stable|credit=risk_off
2015-09-25,flat,mid,stable,risk_off,trend=flat|vol=mid|rates=stable|credit=risk_off
2015-09-28,down,high,stable,risk_off,trend=down|vol=high|rates=stable|credit=risk_off
2015-09-29,down,high,stable,risk_off,trend=down|vol=high|rates=stable|credit=risk_off
2015-09-30,down,mid,stable,risk_off,trend=down|vol=mid|rates=stable|credit=risk_off
2015-10-01,flat,mid,stable,risk_off,trend=flat|vol=mid|rates=stable|credit=risk_off
2015-10-02,flat,mid,down,risk_off,trend=flat|vol=mid|rates=down|credit=risk_off
2015-10-05,up,mid,stable,risk_off,trend=up|vol=mid|rates=stable|credit=risk_off
2015-10-06,up,mid,stable,risk_off,trend=up|vol=mid|rates=stable|credit=risk_off
2015-10-07,flat,mid,stable,risk_off,trend=flat|vol=mid|rates=stable|credit=risk_off
2015-10-08,up,mid,stable,risk_off,trend=up|vol=mid|rates=stable|credit=risk_off
2015-10-09,up,mid,stable,risk_off,trend=up|vol=mid|rates=stable|credit=risk_off
2015-10-12,up,mid,,risk_off,trend=up|vol=mid|credit=risk_off
2015-10-13,up,mid,stable,risk_off,trend=up|vol=mid|rates=stable|credit=risk_off
2015-10-14,flat,mid,stable,risk_off,trend=flat|vol=mid|rates=stable|credit=risk_off
2015-10-15,flat,mid,down,risk_off,trend=flat|vol=mid|rates=down|credit=risk_off
2015-10-16,up,low,down,risk_off,trend=up|vol=low|rates=down|credit=risk_off
2015-10-19,up,low,stable,neutral,trend=up|vol=low|rates=stable|credit=neutral
2015-10-20,up,low,stable,neutral,trend=up|vol=low|rates=stable|credit=neutral
2015-10-21,up,mid,stable,neutral,trend=up|vol=mid|rates=stable|credit=neutral
2015-10-22,up,low,stable,neutral,trend=up|vol=low|rates=stable|credit=neutral
2015-10-23,up,low,stable,neutral,trend=up|vol=low|rates=stable|credit=neutral
2015-10-26,up,low,stable,neutral,trend=up|vol=low|rates=stable|credit=neutral
2015-10-27,up,low,stable,risk_on,trend=up|vol=low|rates=stable|credit=risk_on
2015-10-28,up,low,stable,risk_on,trend=up|vol=low|rates=stable|credit=risk_on
2015-10-29,up,low,stable,risk_on,trend=up|vol=low|rates=stable|credit=risk_on
2015-10-30,up,low,stable,risk_on,trend=up|vol=low|rates=stable|credit=risk_on
2015-11-02,up,low,stable,risk_on,trend=up|vol=low|rates=stable|credit=risk_on
2015-11-03,up,low,up,risk_on,trend=up|vol=low|rates=up|credit=risk_on
2015-11-04,up,low,stable,risk_on,trend=up|vol=low|rates=stable|credit=risk_on
2015-11-05,up,low,up,risk_on,trend=up|vol=low|rates=up|credit=risk_on
2015-11-06,up,low,up,neutral,trend=up|vol=low|rates=up|credit=neutral
2015-11-09,up,mid,up,neutral,trend=up|vol=mid|rates=up|credit=neutral
2015-11-10,up,low,stable,neutral,trend=up|vol=low|rates=stable|credit=neutral
2015-11-11,up,mid,,neutral,trend=up|vol=mid|credit=neutral
2015-11-12,up,mid,up,neutral,trend=up|vol=mid|rates=up|credit=neutral
2015-11-13,flat,mid,up,neutral,trend=flat|vol=mid|rates=up|credit=neutral
2015-11-16,flat,mid,up,neutral,trend=flat|vol=mid|rates=up|credit=neutral
2015-11-17,flat,mid,up,neutral,trend=flat|vol=mid|rates=up|credit=neutral
2015-11-18,up,mid,up,neutral,trend=up|vol=mid|rates=up|credit=neutral
2015-11-19,up,mid,stable,risk_off,trend=up|vol=mid|rates=stable|credit=risk_off
2015-11-20,flat,low,up,risk_off,trend=flat|vol=low|rates=up|credit=risk_off
2015-11-23,flat,low,up,risk_off,trend=flat|vol=low|rates=up|credit=risk_off
2015-11-24,flat,low,stable,risk_off,trend=flat|vol=low|rates=stable|credit=risk_off
2015-11-25,flat,low,stable,risk_off,trend=flat|vol=low|rates=stable|credit=risk_off
2015-11-27,flat,low,stable,risk_off,trend=flat|vol=low|rates=stable|credit=risk_off
2015-11-30,flat,mid,stable,risk_off,trend=flat|vol=mid|rates=stable|credit=risk_off
2015-12-01,flat,low,stable,risk_off,trend=flat|vol=low|rates=stable|credit=risk_off
2015-12-02,flat,low,stable,risk_off,trend=flat|vol=low|rates=stable|credit=risk_off
2015-12-03,down,mid,stable,risk_off,trend=down|vol=mid|rates=stable|credit=risk_off
2015-12-04,flat,low,stable,risk_off,trend=flat|vol=low|rates=stable|credit=risk_off
2015-12-07,flat,low,stable,risk_off,trend=flat|vol=low|rates=stable|credit=risk_off
2015-12-08,flat,mid,stable,risk_off,trend=flat|vol=mid|rates=stable|credit=risk_off
2015-12-09,flat,mid,stable,risk_off,trend=flat|vol=mid|rates=stable|credit=risk_off
2015-12-10,flat,mid,stable,risk_off,trend=flat|vol=mid|rates=stable|credit=risk_off
2015-12-11,down,mid,stable,risk_off,trend=down|vol=mid|rates=stable|credit=risk_off
2015-12-14,flat,mid,stable,risk_off,trend=flat|vol=mid|rates=stable|credit=risk_off
2015-12-15,flat,mid,stable,risk_off,trend=flat|vol=mid|rates=stable|credit=risk_off
2015-12-16,flat,mid,stable,risk_off,trend=flat|vol=mid|rates=stable|credit=risk_off
2015-12-17,flat,mid,stable,risk_off,trend=flat|vol=mid|rates=stable|credit=risk_off
2015-12-18,down,mid,stable,risk_off,trend=down|vol=mid|rates=stable|credit=risk_off
2015-12-21,down,mid,stable,risk_off,trend=down|vol=mid|rates=stable|credit=risk_off
2015-12-22,down,mid,stable,risk_off,trend=down|vol=mid|rates=stable|credit=risk_off
2015-12-23,flat,low,stable,risk_off,trend=flat|vol=low|rates=stable|credit=risk_off
2015-12-24,flat,low,stable,risk_off,trend=flat|vol=low|rates=stable|credit=risk_off
2015-12-28,flat,mid,stable,risk_off,trend=flat|vol=mid|rates=stable|credit=risk_off
2015-12-29,flat,mid,stable,neutral,trend=flat|vol=mid|rates=stable|credit=neutral
2015-12-30,flat,mid,stable,neutral,trend=flat|vol=mid|rates=stable|credit=neutral
2015-12-31,down,mid,stable,neutral,trend=down|vol=mid|rates=stable|credit=neutral
2016-01-04,down,mid,stable,risk_off,trend=down|vol=mid|rates=stable|credit=risk_off
2016-01-05,flat,mid,stable,risk_off,trend=flat|vol=mid|rates=stable|credit=risk_off
2016-01-06,down,mid,stable,risk_off,trend=down|vol=mid|rates=stable|credit=risk_off
2016-01-07,down,mid,stable,risk_off,trend=down|vol=mid|rates=stable|credit=risk_off
2016-01-08,down,high,stable,risk_off,trend=down|vol=high|rates=stable|credit=risk_off
2016-01-11,down,mid,stable,risk_off,trend=down|vol=mid|rates=stable|credit=risk_off
2016-01-12,down,mid,stable,risk_off,trend=down|vol=mid|rates=stable|credit=risk_off
2016-01-13,down,high,stable,neutral,trend=down|vol=high|rates=stable|credit=neutral
2016-01-14,down,mid,stable,neutral,trend=down|vol=mid|rates=stable|credit=neutral
2016-01-15,down,high,down,risk_off,trend=down|vol=high|rates=down|credit=risk_off
2016-01-19,down,high,down,risk_off,trend=down|vol=high|rates=down|credit=risk_off
2016-01-20,down,high,down,risk_off,trend=down|vol=high|rates=down|credit=risk_off
2016-01-21,down,high,stable,risk_off,trend=down|vol=high|rates=stable|credit=risk_off
2016-01-22,down,mid,stable,neutral,trend=down|vol=mid|rates=stable|credit=neutral
2016-01-25,down,mid,down,risk_off,trend=down|vol=mid|rates=down|credit=risk_off
2016-01-26,down,mid,down,risk_off,trend=down|vol=mid|rates=down|credit=risk_off
2016-01-27,down,mid,down,risk_off,trend=down|vol=mid|rates=down|credit=risk_off
2016-01-28,down,mid,down,neutral,trend=down|vol=mid|rates=down|credit=neutral
2016-01-29,down,mid,down,risk_off,trend=down|vol=mid|rates=down|credit=risk_off
2016-02-01,down,mid,down,risk_off,trend=down|vol=mid|rates=down|credit=risk_off
2016-02-02,down,mid,down,risk_off,trend=down|vol=mid|rates=down|credit=risk_off
2016-02-03,down,mid,down,risk_off,trend=down|vol=mid|rates=down|credit=risk_off
2016-02-04,down,mid,down,risk_off,trend=down|vol=mid|rates=down|credit=risk_off
2016-02-05,down,mid,down,risk_off,trend=down|vol=mid|rates=down|credit=risk_off
2016-02-08,down,high,down,risk_off,trend=down|vol=high|rates=down|credit=risk_off
2016-02-09,down,high,down,risk_off,trend=down|vol=high|rates=down|credit=risk_off
2016-02-10,down,high,down,risk_off,trend=down|vol=high|rates=down|credit=risk_off
2016-02-11,down,high,down,risk_off,trend=down|vol=high|rates=down|credit=risk_off
2016-02-12,flat,high,down,neutral,trend=flat|vol=high|rates=down|credit=neutral
2016-02-16,flat,mid,down,risk_off,trend=flat|vol=mid|rates=down|credit=risk_off
2016-02-17,up,mid,down,neutral,trend=up|vol=mid|rates=down|credit=neutral
2016-02-18,up,mid,down,neutral,trend=up|vol=mid|rates=down|credit=neutral
2016-02-19,up,mid,down,neutral,trend=up|vol=mid|rates=down|credit=neutral
2016-02-22,up,mid,down,neutral,trend=up|vol=mid|rates=down|credit=neutral
2016-02-23,flat,mid,down,risk_off,trend=flat|vol=mid|rates=down|credit=risk_off
2016-02-24,up,mid,down,neutral,trend=up|vol=mid|rates=down|credit=neutral
2016-02-25,up,mid,down,neutral,trend=up|vol=mid|rates=down|credit=neutral
2016-02-26,up,mid,down,neutral,trend=up|vol=mid|rates=down|credit=neutral
2016-02-29,up,mid,down,neutral,trend=up|vol=mid|rates=down|credit=neutral
2016-03-01,up,mid,stable,risk_on,trend=up|vol=mid|rates=stable|credit=risk_on
2016-03-02,up,mid,stable,risk_on,trend=up|vol=mid|rates=stable|credit=risk_on
2016-03-03,up,mid,stable,risk_on,trend=up|vol=mid|rates=stable|credit=risk_on
2016-03-04,up,mid,stable,risk_on,trend=up|vol=mid|rates=stable|credit=risk_on
2016-03-07,up,mid,stable,risk_on,trend=up|vol=mid|rates=stable|credit=risk_on
2016-03-08,up,mid,stable,risk_on,trend=up|vol=mid|rates=stable|credit=risk_on
2016-03-09,up,mid,stable,risk_on,trend=up|vol=mid|rates=stable|credit=risk_on
2016-03-10,up,mid,stable,risk_on,trend=up|vol=mid|rates=stable|credit=risk_on
2016-03-11,up,mid,up,risk_on,trend=up|vol=mid|rates=up|credit=risk_on
2016-03-14,up,mid,up,risk_on,trend=up|vol=mid|rates=up|credit=risk_on
2016-03-15,up,mid,up,risk_on,trend=up|vol=mid|rates=up|credit=risk_on
2016-03-16,up,low,stable,risk_on,trend=up|vol=low|rates=stable|credit=risk_on
2016-03-17,up,low,stable,risk_on,trend=up|vol=low|rates=stable|credit=risk_on
2016-03-18,up,low,stable,risk_on,trend=up|vol=low|rates=stable|credit=risk_on
2016-03-21,up,low,stable,risk_on,trend=up|vol=low|rates=stable|credit=risk_on
2016-03-22,up,low,stable,risk_on,trend=up|vol=low|rates=stable|credit=risk_on
2016-03-23,up,low,stable,risk_on,trend=up|vol=low|rates=stable|credit=risk_on
2016-03-24,up,low,stable,risk_on,trend=up|vol=low|rates=stable|credit=risk_on
2016-03-28,up,low,stable,neutral,trend=up|vol=low|rates=stable|credit=neutral
2016-03-29,up,low,stable,neutral,trend=up|vol=low|rates=stable|credit=neutral
2016-03-30,up,low,stable,neutral,trend=up|vol=low|rates=stable|credit=neutral
2016-03-31,up,low,stable,risk_off,trend=up|vol=low|rates=stable|credit=risk_off
2016-04-01,up,low,stable,risk_off,trend=up|vol=low|rates=stable|credit=risk_off
2016-04-04,up,low,stable,risk_off,trend=up|vol=low|rates=stable|credit=risk_off
2016-04-05,up,low,stable,risk_off,trend=up|vol=low|rates=stable|credit=risk_off
2016-04-06,up,low,stable,risk_off,trend=up|vol=low|rates=stable|credit=risk_off
2016-04-07,up,mid,stable,risk_off,trend=up|vol=mid|rates=stable|credit=risk_off
2016-04-08,up,low,stable,risk_off,trend=up|vol=low|rates=stable|credit=risk_off
2016-04-11,up,mid,stable,risk_off,trend=up|vol=mid|rates=stable|credit=risk_off
2016-04-12,up,low,stable,risk_off,trend=up|vol=low|rates=stable|credit=risk_off
2016-04-13,up,low,stable,risk_off,trend=up|vol=low|rates=stable|credit=risk_off
2016-04-14,up,low,stable,neutral,trend=up|vol=low|rates=stable|credit=neutral
2016-04-15,up,low,stable,neutral,trend=up|vol=low|rates=stable|credit=neutral
2016-04-18,up,low,stable,neutral,trend=up|vol=low|rates=stable|credit=neutral
2016-04-19,up,low,stable,neutral,trend=up|vol=low|rates=stable|credit=neutral
2016-04-20,up,low,stable,neutral,trend=up|vol=low|rates=stable|credit=neutral
2016-04-21,up,low,stable,neutral,trend=up|vol=low|rates=stable|credit=neutral
2016-04-22,up,low,stable,neutral,trend=up|vol=low|rates=stable|credit=neutral
2016-04-25,up,low,stable,risk_on,trend=up|vol=low|rates=stable|credit=risk_on
2016-04-26,up,low,stable,risk_on,trend=up|vol=low|rates=stable|credit=risk_on
2016-04-27,up,low,stable,risk_on,trend=up|vol=low|rates=stable|credit=risk_on
2016-04-28,flat,low,stable,risk_on,trend=flat|vol=low|rates=stable|credit=risk_on
2016-04-29,flat,low,stable,risk_on,trend=flat|vol=low|rates=stable|credit=risk_on
2016-05-02,flat,low,stable,risk_on,trend=flat|vol=low|rates=stable|credit=risk_on
2016-05-03,flat,low,stable,risk_on,trend=flat|vol=low|rates=stable|credit=risk_on
2016-05-04,flat,mid,stable,risk_on,trend=flat|vol=mid|rates=stable|credit=risk_on
2016-05-05,flat,low,stable,neutral,trend=flat|vol=low|rates=stable|credit=neutral
2016-05-06,flat,low,stable,risk_on,trend=flat|vol=low|rates=stable|credit=risk_on
2016-05-09,flat,low,stable,neutral,trend=flat|vol=low|rates=stable|credit=neutral
2016-05-10,up,low,stable,risk_on,trend=up|vol=low|rates=stable|credit=risk_on
2016-05-11,flat,low,stable,neutral,trend=flat|vol=low|rates=stable|credit=neutral
2016-05-12,flat,low,stable,neutral,trend=flat|vol=low|rates=stable|credit=neutral
2016-05-13,flat,low,stable,neutral,trend=flat|vol=low|rates=stable|credit=neutral
2016-05-16,flat,low,stable,risk_on,trend=flat|vol=low|rates=stable|credit=risk_on
2016-05-17,down,low,stable,neutral,trend=down|vol=low|rates=stable|credit=neutral
2016-05-18,down,low,stable,risk_on,trend=down|vol=low|rates=stable|credit=risk_on
2016-05-19,down,mid,stable,neutral,trend=down|vol=mid|rates=stable|credit=neutral
2016-05-20,flat,low,stable,neutral,trend=flat|vol=low|rates=stable|credit=neutral
2016-05-23,flat,low,stable,neutral,trend=flat|vol=low|rates=stable|credit=neutral
2016-05-24,flat,low,stable,risk_on,trend=flat|vol=low|rates=stable|credit=risk_on
2016-05-25,flat,low,stable,risk_on,trend=flat|vol=low|rates=stable|credit=risk_on
2016-05-26,flat,low,stable,neutral,trend=flat|vol=low|rates=stable|credit=neutral
2016-05-27,flat,low,stable,risk_on,trend=flat|vol=low|rates=stable|credit=risk_on
2016-05-31,flat,low,stable,neutral,trend=flat|vol=low|rates=stable|credit=neutral
2016-06-01,flat,low,stable,neutral,trend=flat|vol=low|rates=stable|credit=neutral
2016-06-02,up,low,stable,risk_on,trend=up|vol=low|rates=stable|credit=risk_on
2016-06-03,up,low,stable,neutral,trend=up|vol=low|rates=stable|credit=neutral
2016-06-06,up,low,stable,risk_on,trend=up|vol=low|rates=stable|credit=risk_on
2016-06-07,up,low,stable,risk_on,trend=up|vol=low|rates=stable|credit=risk_on
2016-06-08,up,low,stable,risk_on,trend=up|vol=low|rates=stable|credit=risk_on
2016-06-09,flat,low,stable,neutral,trend=flat|vol=low|rates=stable|credit=neutral
2016-06-10,flat,mid,stable,neutral,trend=flat|vol=mid|rates=stable|credit=neutral
2016-06-13,flat,mid,stable,neutral,trend=flat|vol=mid|rates=stable|credit=neutral
2016-06-14,flat,mid,stable,neutral,trend=flat|vol=mid|rates=stable|credit=neutral
2016-06-15,flat,mid,stable,risk_off,trend=flat|vol=mid|rates=stable|credit=risk_off
2016-06-16,flat,mid,stable,risk_off,trend=flat|vol=mid|rates=stable|credit=risk_off
2016-06-17,flat,mid,down,risk_off,trend=flat|vol=mid|rates=down|credit=risk_off
2016-06-20,up,mid,stable,neutral,trend=up|vol=mid|rates=stable|credit=neutral
2016-06-21,flat,mid,stable,neutral,trend=flat|vol=mid|rates=stable|credit=neutral
2016-06-22,flat,mid,stable,neutral,trend=flat|vol=mid|rates=stable|credit=neutral
2016-06-23,flat,mid,stable,neutral,trend=flat|vol=mid|rates=stable|credit=neutral
2016-06-24,down,high,down,risk_off,trend=down|vol=high|rates=down|credit=risk_off
2016-06-27,down,mid,down,risk_off,trend=down|vol=mid|rates=down|credit=risk_off
2016-06-28,down,mid,down,risk_off,trend=down|vol=mid|rates=down|credit=risk_off
2016-06-29,flat,mid,down,risk_off,trend=flat|vol=mid|rates=down|credit=risk_off
2016-06-30,flat,low,down,risk_off,trend=flat|vol=low|rates=down|credit=risk_off
2016-07-01,flat,low,down,risk_off,trend=flat|vol=low|rates=down|credit=risk_off
2016-07-05,flat,low,down,risk_off,trend=flat|vol=low|rates=down|credit=risk_off
2016-07-06,flat,low,down,risk_off,trend=flat|vol=low|rates=down|credit=risk_off
2016-07-07,flat,low,down,risk_off,trend=flat|vol=low|rates=down|credit=risk_off
2016-07-08,flat,low,down,risk_off,trend=flat|vol=low|rates=down|credit=risk_off
2016-07-11,flat,low,down,neutral,trend=flat|vol=low|rates=down|credit=neutral
2016-07-12,up,low,stable,neutral,trend=up|vol=low|rates=stable|credit=neutral
2016-07-13,up,low,stable,neutral,trend=up|vol=low|rates=stable|credit=neutral
2016-07-14,up,low,stable,risk_on,trend=up|vol=low|rates=stable|credit=risk_on
2016-07-15,up,low,stable,risk_on,trend=up|vol=low|rates=stable|credit=risk_on
2016-07-18,up,low,stable,risk_on,trend=up|vol=low|rates=stable|credit=risk_on
2016-07-19,up,low,stable,risk_on,trend=up|vol=low|rates=stable|credit=risk_on
2016-07-20,up,low,stable,neutral,trend=up|vol=low|rates=stable|credit=neutral
2016-07-21,up,low,stable,neutral,trend=up|vol=low|rates=stable|credit=neutral
2016-07-22,up,low,stable,neutral,trend=up|vol=low|rates=stable|credit=neutral
2016-07-25,up,low,stable,neutral,trend=up|vol=low|rates=stable|credit=neutral
2016-07-26,up,low,stable,risk_on,trend=up|vol=low|rates=stable|credit=risk_on
2016-07-27,up,low,stable,risk_on,trend=up|vol=low|rates=stable|credit=risk_on
2016-07-28,up,low,stable,risk_on,trend=up|vol=low|rates=stable|credit=risk_on
2016-07-29,up,low,stable,neutral,trend=up|vol=low|rates=stable|credit=neutral
2016-08-01,up,low,stable,neutral,trend=up|vol=low|rates=stable|credit=neutral
2016-08-02,up,low,stable,neutral,trend=up|vol=low|rates=stable|credit=neutral
2016-08-03,up,low,stable,risk_on,trend=up|vol=low|rates=stable|credit=risk_on
2016-08-04,up,low,stable,risk_on,trend=up|vol=low|rates=stable|credit=risk_on
2016-08-05,up,low,stable,risk_on,trend=up|vol=low|rates=stable|credit=risk_on
2016-08-08,up,low,up,risk_on,trend=up|vol=low|rates=up|credit=risk_on
2016-08-09,up,low,stable,risk_on,trend=up|vol=low|rates=stable|credit=risk_on
2016-08-10,flat,low,stable,neutral,trend=flat|vol=low|rates=stable|credit=neutral
2016-08-11,flat,low,stable,risk_on,trend=flat|vol=low|rates=stable|credit=risk_on
2016-08-12,flat,low,stable,neutral,trend=flat|vol=low|rates=stable|credit=neutral
2016-08-15,flat,low,stable,risk_on,trend=flat|vol=low|rates=stable|credit=risk_on
2016-08-16,flat,low,stable,neutral,trend=flat|vol=low|rates=stable|credit=neutral
2016-08-17,flat,low,stable,neutral,trend=flat|vol=low|rates=stable|credit=neutral
2016-08-18,flat,low,stable,neutral,trend=flat|vol=low|rates=stable|credit=neutral
2016-08-19,flat,low,stable,risk_on,trend=flat|vol=low|rates=stable|credit=risk_on
2016-08-22,flat,low,stable,neutral,trend=flat|vol=low|rates=stable|credit=neutral
2016-08-23,flat,low,stable,neutral,trend=flat|vol=low|rates=stable|credit=neutral
2016-08-24,flat,low,stable,neutral,trend=flat|vol=low|rates=stable|credit=neutral
2016-08-25,flat,low,stable,risk_on,trend=flat|vol=low|rates=stable|credit=risk_on
2016-08-26,flat,low,stable,risk_on,trend=flat|vol=low|rates=stable|credit=risk_on
2016-08-29,flat,low,stable,risk_on,trend=flat|vol=low|rates=stable|credit=risk_on
2016-08-30,flat,low,stable,risk_on,trend=flat|vol=low|rates=stable|credit=risk_on
2016-08-31,flat,low,stable,risk_on,trend=flat|vol=low|rates=stable|credit=risk_on
2016-09-01,flat,low,stable,risk_on,trend=flat|vol=low|rates=stable|credit=risk_on
2016-09-02,flat,low,stable,risk_on,trend=flat|vol=low|rates=stable|credit=risk_on
2016-09-06,flat,low,stable,neutral,trend=flat|vol=low|rates=stable|credit=neutral
2016-09-07,flat,low,stable,neutral,trend=flat|vol=low|rates=stable|credit=neutral
2016-09-08,flat,low,stable,risk_on,trend=flat|vol=low|rates=stable|credit=risk_on
2016-09-09,down,mid,stable,risk_on,trend=down|vol=mid|rates=stable|credit=risk_on
2016-09-12,flat,low,stable,risk_on,trend=flat|vol=low|rates=stable|credit=risk_on
2016-09-13,down,mid,up,risk_on,trend=down|vol=mid|rates=up|credit=risk_on
2016-09-14,down,mid,stable,neutral,trend=down|vol=mid|rates=stable|credit=neutral
2016-09-15,flat,mid,stable,neutral,trend=flat|vol=mid|rates=stable|credit=neutral
2016-09-16,flat,low,stable,neutral,trend=flat|vol=low|rates=stable|credit=neutral
2016-09-19,flat,low,stable,neutral,trend=flat|vol=low|rates=stable|credit=neutral
2016-09-20,flat,low,stable,neutral,trend=flat|vol=low|rates=stable|credit=neutral
2016-09-21,flat,low,stable,risk_on,trend=flat|vol=low|rates=stable|credit=risk_on
2016-09-22,flat,low,stable,risk_on,trend=flat|vol=low|rates=stable|credit=risk_on
2016-09-23,flat,low,stable,risk_on,trend=flat|vol=low|rates=stable|credit=risk_on
2016-09-26,flat,low,stable,neutral,trend=flat|vol=low|rates=stable|credit=neutral
2016-09-27,flat,low,stable,neutral,trend=flat|vol=low|rates=stable|credit=neutral
2016-09-28,flat,low,stable,neutral,trend=flat|vol=low|rates=stable|credit=neutral
2016-09-29,flat,low,stable,neutral,trend=flat|vol=low|rates=stable|credit=neutral
2016-09-30,flat,low,stable,risk_on,trend=flat|vol=low|rates=stable|credit=risk_on
2016-10-03,flat,low,stable,risk_on,trend=flat|vol=low|rates=stable|credit=risk_on
2016-10-04,flat,low,stable,risk_on,trend=flat|vol=low|rates=stable|credit=risk_on
2016-10-05,flat,low,stable,risk_on,trend=flat|vol=low|rates=stable|credit=risk_on
2016-10-06,flat,low,up,risk_on,trend=flat|vol=low|rates=up|credit=risk_on
2016-10-07,flat,low,stable,risk_on,trend=flat|vol=low|rates=stable|credit=risk_on
2016-10-10,flat,low,,risk_on,trend=flat|vol=low|credit=risk_on
2016-10-11,flat,low,stable,risk_on,trend=flat|vol=low|rates=stable|credit=risk_on
2016-10-12,flat,low,stable,risk_on,trend=flat|vol=low|rates=stable|credit=risk_on
2016-10-13,flat,mid,stable,risk_on,trend=flat|vol=mid|rates=stable|credit=risk_on
2016-10-14,flat,mid,stable,risk_on,trend=flat|vol=mid|rates=stable|credit=risk_on
2016-10-17,flat,mid,stable,neutral,trend=flat|vol=mid|rates=stable|credit=neutral
2016-10-18,flat,low,stable,neutral,trend=flat|vol=low|rates=stable|credit=neutral
2016-10-19,flat,low,stable,risk_on,trend=flat|vol=low|rates=stable|credit=risk_on
2016-10-20,flat,low,stable,risk_on,trend=flat|vol=low|rates=stable|credit=risk_on
2016-10-21,flat,low,stable,risk_on,trend=flat|vol=low|rates=stable|credit=risk_on
2016-10-24,flat,low,stable,risk_on,trend=flat|vol=low|rates=stable|credit=risk_on
2016-10-25,flat,low,stable,risk_on,trend=flat|vol=low|rates=stable|credit=risk_on
2016-10-26,flat,low,stable,risk_on,trend=flat|vol=low|rates=stable|credit=risk_on
2016-10-27,flat,low,up,risk_on,trend=flat|vol=low|rates=up|credit=risk_on
2016-10-28,flat,mid,up,risk_on,trend=flat|vol=mid|rates=up|credit=risk_on
2016-10-31,flat,mid,up,neutral,trend=flat|vol=mid|rates=up|credit=neutral
2016-11-01,down,mid,up,neutral,trend=down|vol=mid|rates=up|credit=neutral
2016-11-02,down,mid,stable,neutral,trend=down|vol=mid|rates=stable|credit=neutral
2016-11-03,down,mid,stable,neutral,trend=down|vol=mid|rates=stable|credit=neutral
2016-11-04,down,mid,stable,risk_off,trend=down|vol=mid|rates=stable|credit=risk_off
2016-11-07,flat,mid,stable,neutral,trend=flat|vol=mid|rates=stable|credit=neutral
2016-11-08,flat,mid,stable,neutral,trend=flat|vol=mid|rates=stable|credit=neutral
2016-11-09,flat,low,up,neutral,trend=flat|vol=low|rates=up|credit=neutral
2016-11-10,flat,low,up,neutral,trend=flat|vol=low|rates=up|credit=neutral
2016-11-11,flat,low,,neutral,trend=flat|vol=low|credit=neutral
2016-11-14,flat,low,up,neutral,trend=flat|vol=low|rates=up|credit=neutral
2016-11-15,up,low,up,risk_on,trend=up|vol=low|rates=up|credit=risk_on
2016-11-16,flat,low,up,risk_on,trend=flat|vol=low|rates=up|credit=risk_on
2016-11-17,up,low,up,risk_on,trend=up|vol=low|rates=up|credit=risk_on
2016-11-18,up,low,up,risk_on,trend=up|vol=low|rates=up|credit=risk_on
2016-11-21,up,low,up,risk_on,trend=up|vol=low|rates=up|credit=risk_on
2016-11-22,up,low,up,risk_on,trend=up|vol=low|rates=up|credit=risk_on
2016-11-23,up,low,up,risk_on,trend=up|vol=low|rates=up|credit=risk_on
2016-11-25,up,low,up,risk_on,trend=up|vol=low|rates=up|credit=risk_on
2016-11-28,up,low,up,risk_on,trend=up|vol=low|rates=up|credit=risk_on
2016-11-29,up,low,up,risk_on,trend=up|vol=low|rates=up|credit=risk_on
2016-11-30,up,low,up,risk_on,trend=up|vol=low|rates=up|credit=risk_on
2016-12-01,up,low,up,risk_on,trend=up|vol=low|rates=up|credit=risk_on
2016-12-02,up,low,up,risk_on,trend=up|vol=low|rates=up|credit=risk_on
2016-12-05,up,low,up,risk_on,trend=up|vol=low|rates=up|credit=risk_on
2016-12-06,up,low,up,risk_on,trend=up|vol=low|rates=up|credit=risk_on
2016-12-07,up,low,up,risk_on,trend=up|vol=low|rates=up|credit=risk_on
2016-12-08,up,low,up,risk_on,trend=up|vol=low|rates=up|credit=risk_on
2016-12-09,up,low,up,risk_on,trend=up|vol=low|rates=up|credit=risk_on
2016-12-12,up,low,up,risk_on,trend=up|vol=low|rates=up|credit=risk_on
2016-12-13,up,low,up,risk_on,trend=up|vol=low|rates=up|credit=risk_on
2016-12-14,up,low,up,risk_on,trend=up|vol=low|rates=up|credit=risk_on
2016-12-15,up,low,up,risk_on,trend=up|vol=low|rates=up|credit=risk_on
2016-12-16,up,low,up,risk_on,trend=up|vol=low|rates=up|credit=risk_on
2016-12-19,up,low,up,risk_on,trend=up|vol=low|rates=up|credit=risk_on
2016-12-20,up,low,up,risk_on,trend=up|vol=low|rates=up|credit=risk_on
2016-12-21,up,low,up,risk_on,trend=up|vol=low|rates=up|credit=risk_on
2016-12-22,up,low,up,risk_on,trend=up|vol=low|rates=up|credit=risk_on
2016-12-23,up,low,stable,risk_on,trend=up|vol=low|rates=stable|credit=risk_on
2016-12-27,up,low,up,risk_on,trend=up|vol=low|rates=up|credit=risk_on
2016-12-28,up,low,stable,risk_on,trend=up|vol=low|rates=stable|credit=risk_on
2016-12-29,up,low,stable,risk_on,trend=up|vol=low|rates=stable|credit=risk_on
2016-12-30,up,low,stable,neutral,trend=up|vol=low|rates=stable|credit=neutral
2017-01-03,up,low,stable,risk_on,trend=up|vol=low|rates=stable|credit=risk_on
2017-01-04,up,low,stable,risk_on,trend=up|vol=low|rates=stable|credit=risk_on
2017-01-05,up,low,stable,neutral,trend=up|vol=low|rates=stable|credit=neutral
2017-01-06,up,low,stable,neutral,trend=up|vol=low|rates=stable|credit=neutral
2017-01-09,flat,low,stable,neutral,trend=flat|vol=low|rates=stable|credit=neutral
2017-01-10,flat,low,stable,neutral,trend=flat|vol=low|rates=stable|credit=neutral
2017-01-11,flat,low,stable,neutral,trend=flat|vol=low|rates=stable|credit=neutral
2017-01-12,flat,low,stable,neutral,trend=flat|vol=low|rates=stable|credit=neutral
2017-01-13,flat,low,stable,neutral,trend=flat|vol=low|rates=stable|credit=neutral
2017-01-17,flat,low,down,neutral,trend=flat|vol=low|rates=down|credit=neutral
2017-01-18,flat,low,stable,neutral,trend=flat|vol=low|rates=stable|credit=neutral
2017-01-19,flat,low,stable,neutral,trend=flat|vol=low|rates=stable|credit=neutral
2017-01-20,flat,low,stable,neutral,trend=flat|vol=low|rates=stable|credit=neutral
2017-01-23,flat,low,stable,neutral,trend=flat|vol=low|rates=stable|credit=neutral
2017-01-24,flat,low,stable,neutral,trend=flat|vol=low|rates=stable|credit=neutral
2017-01-25,flat,low,stable,neutral,trend=flat|vol=low|rates=stable|credit=neutral
2017-01-26,flat,low,stable,neutral,trend=flat|vol=low|rates=stable|credit=neutral
2017-01-27,flat,low,stable,neutral,trend=flat|vol=low|rates=stable|credit=neutral
2017-01-30,flat,low,stable,neutral,trend=flat|vol=low|rates=stable|credit=neutral
2017-01-31,flat,low,stable,neutral,trend=flat|vol=low|rates=stable|credit=neutral
2017-02-01,flat,low,stable,risk_on,trend=flat|vol=low|rates=stable|credit=risk_on
2017-02-02,flat,low,stable,neutral,trend=flat|vol=low|rates=stable|credit=neutral
2017-02-03,flat,low,stable,neutral,trend=flat|vol=low|rates=stable|credit=neutral
2017-02-06,flat,low,stable,risk_on,trend=flat|vol=low|rates=stable|credit=risk_on
2017-02-07,flat,low,stable,neutral,trend=flat|vol=low|rates=stable|credit=neutral
2017-02-08,flat,low,stable,neutral,trend=flat|vol=low|rates=stable|credit=neutral
2017-02-09,flat,low,stable,neutral,trend=flat|vol=low|rates=stable|credit=neutral
2017-02-10,flat,low,stable,neutral,trend=flat|vol=low|rates=stable|credit=neutral
2017-02-13,up,low,stable,risk_on,trend=up|vol=low|rates=stable|credit=risk_on
2017-02-14,up,low,stable,risk_on,trend=up|vol=low|rates=stable|credit=risk_on
2017-02-15,up,low,stable,risk_on,trend=up|vol=low|rates=stable|credit=risk_on
2017-02-16,up,low,stable,neutral,trend=up|vol=low|rates=stable|credit=neutral
2017-02-17,up,low,stable,neutral,trend=up|vol=low|rates=stable|credit=neutral
2017-02-21,up,low,stable,neutral,trend=up|vol=low|rates=stable|credit=neutral
2017-02-22,up,low,stable,risk_on,trend=up|vol=low|rates=stable|credit=risk_on
2017-02-23,up,low,stable,neutral,trend=up|vol=low|rates=stable|credit=neutral
2017-02-24,up,low,down,neutral,trend=up|vol=low|rates=down|credit=neutral
2017-02-27,up,low,stable,neutral,trend=up|vol=low|rates=stable|credit=neutral
2017-02-28,up,low,stable,neutral,trend=up|vol=low|rates=stable|credit=neutral
2017-03-01,up,low,stable,neutral,trend=up|vol=low|rates=stable|credit=neutral
2017-03-02,up,low,stable,risk_on,trend=up|vol=low|rates=stable|credit=risk_on
2017-03-03,up,low,stable,neutral,trend=up|vol=low|rates=stable|credit=neutral
2017-03-06,up,low,stable,neutral,trend=up|vol=low|rates=stable|credit=neutral
2017-03-07,up,low,stable,neutral,trend=up|vol=low|rates=stable|credit=neutral
2017-03-08,up,low,stable,neutral,trend=up|vol=low|rates=stable|credit=neutral
2017-03-09,up,low,up,neutral,trend=up|vol=low|rates=up|credit=neutral
2017-03-10,up,low,up,neutral,trend=up|vol=low|rates=up|credit=neutral
2017-03-13,up,low,up,neutral,trend=up|vol=low|rates=up|credit=neutral
2017-03-14,up,low,stable,neutral,trend=up|vol=low|rates=stable|credit=neutral
2017-03-15,up,low,stable,neutral,trend=up|vol=low|rates=stable|credit=neutral
2017-03-16,up,low,stable,neutral,trend=up|vol=low|rates=stable|credit=neutral
2017-03-17,flat,low,stable,neutral,trend=flat|vol=low|rates=stable|credit=neutral
2017-03-20,flat,low,stable,neutral,trend=flat|vol=low|rates=stable|credit=neutral
2017-03-21,flat,low,stable,risk_off,trend=flat|vol=low|rates=stable|credit=risk_off
2017-03-22,flat,low,stable,risk_off,trend=flat|vol=low|rates=stable|credit=risk_off
2017-03-23,flat,low,stable,risk_off,trend=flat|vol=low|rates=stable|credit=risk_off
2017-03-24,flat,low,stable,neutral,trend=flat|vol=low|rates=stable|credit=neutral
2017-03-27,flat,low,stable,neutral,trend=flat|vol=low|rates=stable|credit=neutral
2017-03-28,flat,low,stable,neutral,trend=flat|vol=low|rates=stable|credit=neutral
2017-03-29,flat,low,stable,neutral,trend=flat|vol=low|rates=stable|credit=neutral
2017-03-30,flat,low,stable,neutral,trend=flat|vol=low|rates=stable|credit=neutral
2017-03-31,flat,low,stable,neutral,trend=flat|vol=low|rates=stable|credit=neutral
2017-04-03,flat,low,stable,risk_off,trend=flat|vol=low|rates=stable|credit=risk_off
2017-04-04,flat,low,stable,neutral,trend=flat|vol=low|rates=stable|credit=neutral
2017-04-05,flat,low,stable,neutral,trend=flat|vol=low|rates=stable|credit=neutral
2017-04-06,flat,low,down,neutral,trend=flat|vol=low|rates=down|credit=neutral
2017-04-07,flat,low,down,neutral,trend=flat|vol=low|rates=down|credit=neutral
2017-04-10,flat,low,down,neutral,trend=flat|vol=low|rates=down|credit=neutral
2017-04-11,flat,low,down,risk_off,trend=flat|vol=low|rates=down|credit=risk_off
2017-04-12,flat,low,down,risk_off,trend=flat|vol=low|rates=down|credit=risk_off
2017-04-13,down,low,down,risk_off,trend=down|vol=low|rates=down|credit=risk_off
2017-04-17,flat,low,down,risk_off,trend=flat|vol=low|rates=down|credit=risk_off
2017-04-18,flat,low,down,risk_off,trend=flat|vol=low|rates=down|credit=risk_off
2017-04-19,flat,low,down,risk_off,trend=flat|vol=low|rates=down|credit=risk_off
2017-04-20,flat,low,stable,neutral,trend=flat|vol=low|rates=stable|credit=neutral
2017-04-21,flat,low,stable,neutral,trend=flat|vol=low|rates=stable|credit=neutral
2017-04-24,flat,low,stable,neutral,trend=flat|vol=low|rates=stable|credit=neutral
2017-04-25,up,low,stable,risk_on,trend=up|vol=low|rates=stable|credit=risk_on
2017-04-26,up,low,stable,risk_on,trend=up|vol=low|rates=stable|credit=risk_on
2017-04-27,flat,low,stable,neutral,trend=flat|vol=low|rates=stable|credit=neutral
2017-04-28,flat,low,stable,neutral,trend=flat|vol=low|rates=stable|credit=neutral
2017-05-01,flat,low,stable,neutral,trend=flat|vol=low|rates=stable|credit=neutral
2017-05-02,flat,low,stable,neutral,trend=flat|vol=low|rates=stable|credit=neutral
2017-05-03,flat,low,stable,neutral,trend=flat|vol=low|rates=stable|credit=neutral
2017-05-04,flat,low,stable,neutral,trend=flat|vol=low|rates=stable|credit=neutral
2017-05-05,up,low,stable,neutral,trend=up|vol=low|rates=stable|credit=neutral
2017-05-08,flat,low,stable,neutral,trend=flat|vol=low|rates=stable|credit=neutral
2017-05-09,flat,low,stable,neutral,trend=flat|vol=low|rates=stable|credit=neutral
2017-05-10,flat,low,stable,neutral,trend=flat|vol=low|rates=stable|credit=neutral
2017-05-11,flat,low,stable,risk_on,trend=flat|vol=low|rates=stable|credit=risk_on
2017-05-12,up,low,stable,neutral,trend=up|vol=low|rates=stable|credit=neutral
2017-05-15,up,low,stable,risk_on,trend=up|vol=low|rates=stable|credit=risk_on
2017-05-16,up,low,stable,neutral,trend=up|vol=low|rates=stable|credit=neutral
2017-05-17,flat,low,stable,neutral,trend=flat|vol=low|rates=stable|credit=neutral
2017-05-18,flat,low,stable,neutral,trend=flat|vol=low|rates=stable|credit=neutral
2017-05-19,flat,low,stable,neutral,trend=flat|vol=low|rates=stable|credit=neutral
2017-05-22,up,low,stable,neutral,trend=up|vol=low|rates=stable|credit=neutral
2017-05-23,flat,low,stable,neutral,trend=flat|vol=low|rates=stable|credit=neutral
2017-05-24,flat,low,stable,neutral,trend=flat|vol=low|rates=stable|credit=neutral
2017-05-25,flat,low,stable,neutral,trend=flat|vol=low|rates=stable|credit=neutral
2017-05-26,flat,low,stable,neutral,trend=flat|vol=low|rates=stable|credit=neutral
2017-05-30,flat,low,stable,neutral,trend=flat|vol=low|rates=stable|credit=neutral
2017-05-31,flat,low,stable,neutral,trend=flat|vol=low|rates=stable|credit=neutral
2017-06-01,flat,low,stable,neutral,trend=flat|vol=low|rates=stable|credit=neutral
2017-06-02,up,low,stable,neutral,trend=up|vol=low|rates=stable|credit=neutral
2017-06-05,up,low,stable,neutral,trend=up|vol=low|rates=stable|credit=neutral
2017-06-06,flat,low,down,neutral,trend=flat|vol=low|rates=down|credit=neutral
2017-06-07,flat,low,down,risk_off,trend=flat|vol=low|rates=down|credit=risk_off
2017-06-08,flat,low,down,neutral,trend=flat|vol=low|rates=down|credit=neutral
2017-06-09,flat,low,down,neutral,trend=flat|vol=low|rates=down|credit=neutral
2017-06-12,flat,low,stable,neutral,trend=flat|vol=low|rates=stable|credit=neutral
2017-06-13,up,low,stable,neutral,trend=up|vol=low|rates=stable|credit=neutral
2017-06-14,flat,low,stable,neutral,trend=flat|vol=low|rates=stable|credit=neutral
2017-06-15,flat,low,stable,risk_off,trend=flat|vol=low|rates=stable|credit=risk_off
2017-06-16,up,low,stable,neutral,trend=up|vol=low|rates=stable|credit=neutral
2017-06-19,up,low,stable,neutral,trend=up|vol=low|rates=stable|credit=neutral
2017-06-20,up,low,stable,neutral,trend=up|vol=low|rates=stable|credit=neutral
2017-06-21,flat,low,stable,risk_off,trend=flat|vol=low|rates=stable|credit=risk_off
2017-06-22,flat,low,stable,risk_off,trend=flat|vol=low|rates=stable|credit=risk_off
2017-06-23,flat,low,stable,risk_off,trend=flat|vol=low|rates=stable|credit=risk_off
2017-06-26,flat,low,stable,risk_off,trend=flat|vol=low|rates=stable|credit=risk_off
2017-06-27,flat,low,stable,risk_off,trend=flat|vol=low|rates=stable|credit=risk_off
2017-06-28,flat,low,stable,neutral,trend=flat|vol=low|rates=stable|credit=neutral
2017-06-29,flat,low,stable,neutral,trend=flat|vol=low|rates=stable|credit=neutral
2017-06-30,flat,low,stable,neutral,trend=flat|vol=low|rates=stable|credit=neutral
2017-07-03,flat,low,up,neutral,trend=flat|vol=low|rates=up|credit=neutral
2017-07-05,flat,low,stable,neutral,trend=flat|vol=low|rates=stable|credit=neutral
2017-07-06,flat,low,up,neutral,trend=flat|vol=low|rates=up|credit=neutral
2017-07-07,flat,low,up,neutral,trend=flat|vol=low|rates=up|credit=neutral
2017-07-10,flat,low,stable,neutral,trend=flat|vol=low|rates=stable|credit=neutral
2017-07-11,flat,low,stable,neutral,trend=flat|vol=low|rates=stable|credit=neutral
2017-07-12,flat,low,stable,neutral,trend=flat|vol=low|rates=stable|credit=neutral
2017-07-13,flat,low,stable,neutral,trend=flat|vol=low|rates=stable|credit=neutral
2017-07-14,flat,low,stable,neutral,trend=flat|vol=low|rates=stable|credit=neutral
2017-07-17,flat,low,stable,neutral,trend=flat|vol=low|rates=stable|credit=neutral
2017-07-18,flat,low,stable,neutral,trend=flat|vol=low|rates=stable|credit=neutral
2017-07-19,flat,low,stable,neutral,trend=flat|vol=low|rates=stable|credit=neutral
2017-07-20,flat,low,stable,neutral,trend=flat|vol=low|rates=stable|credit=neutral
2017-07-21,flat,low,stable,risk_on,trend=flat|vol=low|rates=stable|credit=risk_on
2017-07-24,flat,low,stable,risk_on,trend=flat|vol=low|rates=stable|credit=risk_on
2017-07-25,flat,low,stable,risk_on,trend=flat|vol=low|rates=stable|credit=risk_on
2017-07-26,flat,low,stable,risk_on,trend=flat|vol=low|rates=stable|credit=risk_on
2017-07-27,up,low,stable,risk_on,trend=up|vol=low|rates=stable|credit=risk_on
2017-07-28,flat,low,stable,neutral,trend=flat|vol=low|rates=stable|credit=neutral
2017-07-31,up,low,stable,neutral,trend=up|vol=low|rates=stable|credit=neutral
2017-08-01,up,low,stable,neutral,trend=up|vol=low|rates=stable|credit=neutral
2017-08-02,up,low,stable,neutral,trend=up|vol=low|rates=stable|credit=neutral
2017-08-03,flat,low,stable,neutral,trend=flat|vol=low|rates=stable|credit=neutral
2017-08-04,up,low,stable,neutral,trend=up|vol=low|rates=stable|credit=neutral
2017-08-07,up,low,stable,neutral,trend=up|vol=low|rates=stable|credit=neutral
2017-08-08,up,low,stable,neutral,trend=up|vol=low|rates=stable|credit=neutral
2017-08-09,up,low,stable,neutral,trend=up|vol=low|rates=stable|credit=neutral
2017-08-10,flat,mid,stable,neutral,trend=flat|vol=mid|rates=stable|credit=neutral
2017-08-11,flat,low,stable,risk_off,trend=flat|vol=low|rates=stable|credit=risk_off
2017-08-14,flat,low,stable,neutral,trend=flat|vol=low|rates=stable|credit=neutral
2017-08-15,flat,low,stable,neutral,trend=flat|vol=low|rates=stable|credit=neutral
2017-08-16,flat,low,stable,neutral,trend=flat|vol=low|rates=stable|credit=neutral
2017-08-17,flat,low,stable,risk_off,trend=flat|vol=low|rates=stable|credit=risk_off
2017-08-18,flat,low,stable,neutral,trend=flat|vol=low|rates=stable|credit=neutral
2017-08-21,flat,low,stable,neutral,trend=flat|vol=low|rates=stable|credit=neutral
2017-08-22,flat,low,stable,neutral,trend=flat|vol=low|rates=stable|credit=neutral
2017-08-23,flat,low,stable,risk_off,trend=flat|vol=low|rates=stable|credit=risk_off
2017-08-24,flat,low,stable,neutral,trend=flat|vol=low|rates=stable|credit=neutral
2017-08-25,flat,low,stable,neutral,trend=flat|vol=low|rates=stable|credit=neutral
2017-08-28,flat,low,stable,neutral,trend=flat|vol=low|rates=stable|credit=neutral
2017-08-29,flat,low,stable,neutral,trend=flat|vol=low|rates=stable|credit=neutral
2017-08-30,flat,low,stable,neutral,trend=flat|vol=low|rates=stable|credit=neutral
2017-08-31,flat,low,stable,neutral,trend=flat|vol=low|rates=stable|credit=neutral
2017-09-01,flat,low,stable,neutral,trend=flat|vol=low|rates=stable|credit=neutral
2017-09-05,flat,low,down,neutral,trend=flat|vol=low|rates=down|credit=neutral
2017-09-06,flat,low,stable,neutral,trend=flat|vol=low|rates=stable|credit=neutral
2017-09-07,flat,low,down,risk_off,trend=flat|vol=low|rates=down|credit=risk_off
2017-09-08,flat,low,stable,neutral,trend=flat|vol=low|rates=stable|credit=neutral
2017-09-11,up,low,stable,neutral,trend=up|vol=low|rates=stable|credit=neutral
2017-09-12,up,low,stable,neutral,trend=up|vol=low|rates=stable|credit=neutral
2017-09-13,flat,low,stable,neutral,trend=flat|vol=low|rates=stable|credit=neutral
2017-09-14,flat,low,stable,neutral,trend=flat|vol=low|rates=stable|credit=neutral
2017-09-15,flat,low,stable,neutral,trend=flat|vol=low|rates=stable|credit=neutral
2017-09-18,up,low,stable,risk_on,trend=up|vol=low|rates=stable|credit=risk_on
2017-09-19,up,low,stable,risk_on,trend=up|vol=low|rates=stable|credit=risk_on
2017-09-20,up,low,stable,risk_on,trend=up|vol=low|rates=stable|credit=risk_on
2017-09-21,up,low,stable,neutral,trend=up|vol=low|rates=stable|credit=neutral
2017-09-22,up,low,stable,neutral,trend=up|vol=low|rates=stable|credit=neutral
2017-09-25,up,low,stable,neutral,trend=up|vol=low|rates=stable|credit=neutral
2017-09-26,up,low,stable,neutral,trend=up|vol=low|rates=stable|credit=neutral
2017-09-27,up,low,stable,neutral,trend=up|vol=low|rates=stable|credit=neutral
2017-09-28,up,low,stable,neutral,trend=up|vol=low|rates=stable|credit=neutral
2017-09-29,up,low,stable,neutral,trend=up|vol=low|rates=stable|credit=neutral
2017-10-02,up,low,up,neutral,trend=up|vol=low|rates=up|credit=neutral
2017-10-03,up,low,stable,neutral,trend=up|vol=low|rates=stable|credit=neutral
2017-10-04,up,low,up,neutral,trend=up|vol=low|rates=up|credit=neutral
2017-10-05,up,low,up,neutral,trend=up|vol=low|rates=up|credit=neutral
2017-10-06,up,low,up,risk_on,trend=up|vol=low|rates=up|credit=risk_on
2017-10-09,up,low,,risk_on,trend=up|vol=low|credit=risk_on
2017-10-10,up,low,up,neutral,trend=up|vol=low|rates=up|credit=neutral
2017-10-11,up,low,up,neutral,trend=up|vol=low|rates=up|credit=neutral
2017-10-12,up,low,stable,neutral,trend=up|vol=low|rates=stable|credit=neutral
2017-10-13,up,low,stable,neutral,trend=up|vol=low|rates=stable|credit=neutral
2017-10-16,up,low,stable,neutral,trend=up|vol=low|rates=stable|credit=neutral
2017-10-17,up,low,stable,neutral,trend=up|vol=low|rates=stable|credit=neutral
2017-10-18,up,low,stable,neutral,trend=up|vol=low|rates=stable|credit=neutral
2017-10-19,up,low,stable,neutral,trend=up|vol=low|rates=stable|credit=neutral
2017-10-20,up,low,stable,neutral,trend=up|vol=low|rates=stable|credit=neutral
2017-10-23,up,low,stable,neutral,trend=up|vol=low|rates=stable|credit=neutral
2017-10-24,up,low,stable,neutral,trend=up|vol=low|rates=stable|credit=neutral
2017-10-25,up,low,up,neutral,trend=up|vol=low|rates=up|credit=neutral
2017-10-26,up,low,up,neutral,trend=up|vol=low|rates=up|credit=neutral
2017-10-27,up,low,stable,neutral,trend=up|vol=low|rates=stable|credit=neutral
2017-10-30,up,low,stable,neutral,trend=up|vol=low|rates=stable|credit=neutral
2017-10-31,flat,low,stable,neutral,trend=flat|vol=low|rates=stable|credit=neutral
2017-11-01,flat,low,stable,neutral,trend=flat|vol=low|rates=stable|credit=neutral
2017-11-02,flat,low,stable,neutral,trend=flat|vol=low|rates=stable|credit=neutral
2017-11-03,flat,low,stable,neutral,trend=flat|vol=low|rates=stable|credit=neutral
2017-11-06,flat,low,stable,neutral,trend=flat|vol=low|rates=stable|credit=neutral
2017-11-07,flat,low,stable,neutral,trend=flat|vol=low|rates=stable|credit=neutral
2017-11-08,flat,low,stable,neutral,trend=flat|vol=low|rates=stable|credit=neutral
2017-11-09,flat,low,stable,risk_off,trend=flat|vol=low|rates=stable|credit=risk_off
2017-11-10,flat,low,stable,neutral,trend=flat|vol=low|rates=stable|credit=neutral
2017-11-13,flat,low,stable,neutral,trend=flat|vol=low|rates=stable|credit=neutral
2017-11-14,flat,low,stable,neutral,trend=flat|vol=low|rates=stable|credit=neutral
2017-11-15,flat,low,stable,risk_off,trend=flat|vol=low|rates=stable|credit=risk_off
2017-11-16,flat,low,stable,neutral,trend=flat|vol=low|rates=stable|credit=neutral
2017-11-17,flat,low,stable,neutral,trend=flat|vol=low|rates=stable|credit=neutral
2017-11-20,flat,low,stable,neutral,trend=flat|vol=low|rates=stable|credit=neutral
2017-11-21,flat,low,stable,neutral,trend=flat|vol=low|rates=stable|credit=neutral
2017-11-22,flat,low,stable,risk_off,trend=flat|vol=low|rates=stable|credit=risk_off
2017-11-24,flat,low,stable,neutral,trend=flat|vol=low|rates=stable|credit=neutral
2017-11-27,flat,low,stable,risk_off,trend=flat|vol=low|rates=stable|credit=risk_off
2017-11-28,up,low,stable,neutral,trend=up|vol=low|rates=stable|credit=neutral
2017-11-29,up,low,stable,neutral,trend=up|vol=low|rates=stable|credit=neutral
2017-11-30,up,low,stable,neutral,trend=up|vol=low|rates=stable|credit=neutral
2017-12-01,up,low,stable,neutral,trend=up|vol=low|rates=stable|credit=neutral
2017-12-04,up,low,stable,neutral,trend=up|vol=low|rates=stable|credit=neutral
2017-12-05,flat,low,stable,neutral,trend=flat|vol=low|rates=stable|credit=neutral
2017-12-06,flat,low,stable,neutral,trend=flat|vol=low|rates=stable|credit=neutral
2017-12-07,up,low,stable,neutral,trend=up|vol=low|rates=stable|credit=neutral
2017-12-08,up,low,stable,neutral,trend=up|vol=low|rates=stable|credit=neutral
2017-12-11,up,low,stable,neutral,trend=up|vol=low|rates=stable|credit=neutral
2017-12-12,up,low,stable,neutral,trend=up|vol=low|rates=stable|credit=neutral
2017-12-13,up,low,stable,neutral,trend=up|vol=low|rates=stable|credit=neutral
2017-12-14,up,low,stable,neutral,trend=up|vol=low|rates=stable|credit=neutral
2017-12-15,up,low,stable,neutral,trend=up|vol=low|rates=stable|credit=neutral
2017-12-18,up,low,stable,risk_off,trend=up|vol=low|rates=stable|credit=risk_off
2017-12-19,up,low,stable,neutral,trend=up|vol=low|rates=stable|credit=neutral
2017-12-20,up,low,stable,neutral,trend=up|vol=low|rates=stable|credit=neutral
2017-12-21,up,low,stable,neutral,trend=up|vol=low|rates=stable|credit=neutral
2017-12-22,up,low,stable,neutral,trend=up|vol=low|rates=stable|credit=neutral
2017-12-26,up,low,stable,neutral,trend=up|vol=low|rates=stable|credit=neutral
2017-12-27,up,low,stable,neutral,trend=up|vol=low|rates=stable|credit=neutral
2017-12-28,up,low,stable,neutral,trend=up|vol=low|rates=stable|credit=neutral
2017-12-29,up,low,stable,neutral,trend=up|vol=low|rates=stable|credit=neutral
2018-01-02,flat,low,stable,neutral,trend=flat|vol=low|rates=stable|credit=neutral
2018-01-03,up,low,stable,neutral,trend=up|vol=low|rates=stable|credit=neutral
2018-01-04,up,low,stable,neutral,trend=up|vol=low|rates=stable|credit=neutral
2018-01-05,up,low,stable,risk_on,trend=up|vol=low|rates=stable|credit=risk_on
2018-01-08,up,low,stable,risk_on,trend=up|vol=low|rates=stable|credit=risk_on
2018-01-09,up,low,stable,risk_on,trend=up|vol=low|rates=stable|credit=risk_on
2018-01-10,up,low,stable,neutral,trend=up|vol=low|rates=stable|credit=neutral
2018-01-11,up,low,stable,neutral,trend=up|vol=low|rates=stable|credit=neutral
2018-01-12,up,low,stable,neutral,trend=up|vol=low|rates=stable|credit=neutral
2018-01-16,up,low,stable,neutral,trend=up|vol=low|rates=stable|credit=neutral
2018-01-17,up,low,up,risk_on,trend=up|vol=low|rates=up|credit=risk_on
2018-01-18,up,low,up,risk_on,trend=up|vol=low|rates=up|credit=risk_on
2018-01-19,up,low,up,risk_on,trend=up|vol=low|rates=up|credit=risk_on
2018-01-22,up,low,up,risk_on,trend=up|vol=low|rates=up|credit=risk_on
2018-01-23,up,low,stable,risk_on,trend=up|vol=low|rates=stable|credit=risk_on
2018-01-24,up,low,stable,risk_on,trend=up|vol=low|rates=stable|credit=risk_on
2018-01-25,up,low,stable,neutral,trend=up|vol=low|rates=stable|credit=neutral
2018-01-26,up,low,stable,neutral,trend=up|vol=low|rates=stable|credit=neutral
2018-01-29,up,low,up,risk_on,trend=up|vol=low|rates=up|credit=risk_on
2018-01-30,up,low,up,risk_on,trend=up|vol=low|rates=up|credit=risk_on
2018-01-31,up,low,up,risk_on,trend=up|vol=low|rates=up|credit=risk_on
2018-02-01,up,low,up,neutral,trend=up|vol=low|rates=up|credit=neutral
2018-02-02,flat,mid,up,neutral,trend=flat|vol=mid|rates=up|credit=neutral
2018-02-05,down,high,up,neutral,trend=down|vol=high|rates=up|credit=neutral
2018-02-06,flat,high,up,neutral,trend=flat|vol=high|rates=up|credit=neutral
2018-02-07,down,high,up,neutral,trend=down|vol=high|rates=up|credit=neutral
2018-02-08,down,high,up,neutral,trend=down|vol=high|rates=up|credit=neutral
2018-02-09,down,high,up,neutral,trend=down|vol=high|rates=up|credit=neutral
2018-02-12,down,high,up,neutral,trend=down|vol=high|rates=up|credit=neutral
2018-02-13,down,mid,up,neutral,trend=down|vol=mid|rates=up|credit=neutral
2018-02-14,down,mid,up,risk_on,trend=down|vol=mid|rates=up|credit=risk_on
2018-02-15,down,mid,up,risk_on,trend=down|vol=mid|rates=up|credit=risk_on
2018-02-16,down,mid,up,risk_on,trend=down|vol=mid|rates=up|credit=risk_on
2018-02-20,down,mid,up,neutral,trend=down|vol=mid|rates=up|credit=neutral
2018-02-21,down,mid,up,neutral,trend=down|vol=mid|rates=up|credit=neutral
2018-02-22,down,mid,up,neutral,trend=down|vol=mid|rates=up|credit=neutral
2018-02-23,down,mid,up,risk_on,trend=down|vol=mid|rates=up|credit=risk_on
2018-02-26,flat,low,up,risk_on,trend=flat|vol=low|rates=up|credit=risk_on
2018-02-27,down,mid,up,risk_on,trend=down|vol=mid|rates=up|credit=risk_on
2018-02-28,down,mid,stable,risk_on,trend=down|vol=mid|rates=stable|credit=risk_on
2018-03-01,down,mid,stable,neutral,trend=down|vol=mid|rates=stable|credit=neutral
2018-03-02,down,mid,stable,risk_on,trend=down|vol=mid|rates=stable|credit=risk_on
2018-03-05,down,mid,stable,risk_on,trend=down|vol=mid|rates=stable|credit=risk_on
2018-03-06,flat,mid,stable,risk_on,trend=flat|vol=mid|rates=stable|credit=risk_on
2018-03-07,up,mid,stable,risk_on,trend=up|vol=mid|rates=stable|credit=risk_on
2018-03-08,flat,mid,stable,risk_on,trend=flat|vol=mid|rates=stable|credit=risk_on
2018-03-09,up,low,stable,risk_on,trend=up|vol=low|rates=stable|credit=risk_on
2018-03-12,up,low,stable,risk_on,trend=up|vol=low|rates=stable|credit=risk_on
2018-03-13,up,mid,stable,risk_on,trend=up|vol=mid|rates=stable|credit=risk_on
2018-03-14,up,mid,stable,neutral,trend=up|vol=mid|rates=stable|credit=neutral
2018-03-15,up,mid,stable,risk_on,trend=up|vol=mid|rates=stable|credit=risk_on
2018-03-16,up,low,stable,neutral,trend=up|vol=low|rates=stable|credit=neutral
2018-03-19,flat,mid,stable,neutral,trend=flat|vol=mid|rates=stable|credit=neutral
2018-03-20,flat,mid,stable,neutral,trend=flat|vol=mid|rates=stable|credit=neutral
2018-03-21,flat,mid,stable,neutral,trend=flat|vol=mid|rates=stable|credit=neutral
2018-03-22,flat,mid,stable,neutral,trend=flat|vol=mid|rates=stable|credit=neutral
2018-03-23,down,mid,stable,neutral,trend=down|vol=mid|rates=stable|credit=neutral
2018-03-26,down,mid,stable,neutral,trend=down|vol=mid|rates=stable|credit=neutral
2018-03-27,down,mid,stable,neutral,trend=down|vol=mid|rates=stable|credit=neutral
2018-03-28,down,mid,stable,risk_off,trend=down|vol=mid|rates=stable|credit=risk_off
2018-03-29,down,mid,stable,neutral,trend=down|vol=mid|rates=stable|credit=neutral
2018-04-02,down,mid,stable,neutral,trend=down|vol=mid|rates=stable|credit=neutral
2018-04-03,down,mid,stable,neutral,trend=down|vol=mid|rates=stable|credit=neutral
2018-04-04,down,mid,stable,neutral,trend=down|vol=mid|rates=stable|credit=neutral
2018-04-05,down,mid,stable,neutral,trend=down|vol=mid|rates=stable|credit=neutral
2018-04-06,down,mid,stable,risk_off,trend=down|vol=mid|rates=stable|credit=risk_off
2018-04-09,down,mid,stable,neutral,trend=down|vol=mid|rates=stable|credit=neutral
2018-04-10,down,mid,stable,neutral,trend=down|vol=mid|rates=stable|credit=neutral
2018-04-11,down,mid,stable,neutral,trend=down|vol=mid|rates=stable|credit=neutral
2018-04-12,down,mid,stable,neutral,trend=down|vol=mid|rates=stable|credit=neutral
2018-04-13,down,mid,stable,neutral,trend=down|vol=mid|rates=stable|credit=neutral
2018-04-16,down,mid,stable,neutral,trend=down|vol=mid|rates=stable|credit=neutral
2018-04-17,flat,low,stable,neutral,trend=flat|vol=low|rates=stable|credit=neutral
2018-04-18,flat,low,stable,risk_on,trend=flat|vol=low|rates=stable|credit=risk_on
2018-04-19,flat,low,stable,neutral,trend=flat|vol=low|rates=stable|credit=neutral
2018-04-20,flat,mid,stable,neutral,trend=flat|vol=mid|rates=stable|credit=neutral
2018-04-23,flat,mid,stable,risk_on,trend=flat|vol=mid|rates=stable|credit=risk_on
2018-04-24,flat,mid,stable,risk_on,trend=flat|vol=mid|rates=stable|credit=risk_on
2018-04-25,flat,mid,stable,risk_on,trend=flat|vol=mid|rates=stable|credit=risk_on
2018-04-26,up,mid,up,risk_on,trend=up|vol=mid|rates=up|credit=risk_on
2018-04-27,up,low,stable,risk_on,trend=up|vol=low|rates=stable|credit=risk_on
2018-04-30,flat,low,up,risk_on,trend=flat|vol=low|rates=up|credit=risk_on
2018-05-01,up,low,up,risk_on,trend=up|vol=low|rates=up|credit=risk_on
2018-05-02,flat,low,stable,risk_on,trend=flat|vol=low|rates=stable|credit=risk_on
2018-05-03,flat,low,stable,risk_on,trend=flat|vol=low|rates=stable|credit=risk_on
2018-05-04,flat,low,stable,risk_on,trend=flat|vol=low|rates=stable|credit=risk_on
2018-05-07,up,low,stable,risk_on,trend=up|vol=low|rates=stable|credit=risk_on
2018-05-08,up,low,stable,risk_on,trend=up|vol=low|rates=stable|credit=risk_on
2018-05-09,flat,low,up,risk_on,trend=flat|vol=low|rates=up|credit=risk_on
2018-05-10,up,low,stable,risk_on,trend=up|vol=low|rates=stable|credit=risk_on
2018-05-11,up,low,stable,neutral,trend=up|vol=low|rates=stable|credit=neutral
2018-05-14,up,low,stable,risk_on,trend=up|vol=low|rates=stable|credit=risk_on
2018-05-15,flat,low,up,risk_on,trend=flat|vol=low|rates=up|credit=risk_on
2018-05-16,flat,low,up,risk_on,trend=flat|vol=low|rates=up|credit=risk_on
2018-05-17,flat,low,up,risk_on,trend=flat|vol=low|rates=up|credit=risk_on
2018-05-18,flat,low,stable,neutral,trend=flat|vol=low|rates=stable|credit=neutral
2018-05-21,up,low,stable,neutral,trend=up|vol=low|rates=stable|credit=neutral
2018-05-22,up,low,stable,risk_on,trend=up|vol=low|rates=stable|credit=risk_on
2018-05-23,up,low,stable,neutral,trend=up|vol=low|rates=stable|credit=neutral
2018-05-24,up,low,stable,neutral,trend=up|vol=low|rates=stable|credit=neutral
2018-05-25,up,low,stable,neutral,trend=up|vol=low|rates=stable|credit=neutral
2018-05-29,flat,mid,stable,risk_off,trend=flat|vol=mid|rates=stable|credit=risk_off
2018-05-30,up,low,stable,neutral,trend=up|vol=low|rates=stable|credit=neutral
2018-05-31,up,low,stable,neutral,trend=up|vol=low|rates=stable|credit=neutral
2018-06-01,up,low,stable,neutral,trend=up|vol=low|rates=stable|credit=neutral
2018-06-04,up,low,stable,neutral,trend=up|vol=low|rates=stable|credit=neutral
2018-06-05,up,low,stable,neutral,trend=up|vol=low|rates=stable|credit=neutral
2018-06-06,up,low,stable,neutral,trend=up|vol=low|rates=stable|credit=neutral
2018-06-07,up,low,stable,neutral,trend=up|vol=low|rates=stable|credit=neutral
2018-06-08,up,low,stable,neutral,trend=up|vol=low|rates=stable|credit=neutral
2018-06-11,up,low,stable,neutral,trend=up|vol=low|rates=stable|credit=neutral
2018-06-12,up,low,stable,risk_on,trend=up|vol=low|rates=stable|credit=risk_on
2018-06-13,flat,low,stable,risk_on,trend=flat|vol=low|rates=stable|credit=risk_on
2018-06-14,up,low,stable,neutral,trend=up|vol=low|rates=stable|credit=neutral
2018-06-15,up,low,stable,neutral,trend=up|vol=low|rates=stable|credit=neutral
2018-06-18,up,low,stable,neutral,trend=up|vol=low|rates=stable|credit=neutral
2018-06-19,flat,low,stable,neutral,trend=flat|vol=low|rates=stable|credit=neutral
2018-06-20,flat,low,stable,risk_on,trend=flat|vol=low|rates=stable|credit=risk_on
2018-06-21,flat,low,stable,neutral,trend=flat|vol=low|rates=stable|credit=neutral
2018-06-22,flat,low,stable,risk_on,trend=flat|vol=low|rates=stable|credit=risk_on
2018-06-25,flat,mid,stable,risk_on,trend=flat|vol=mid|rates=stable|credit=risk_on
2018-06-26,flat,low,stable,risk_on,trend=flat|vol=low|rates=stable|credit=risk_on
2018-06-27,flat,mid,stable,risk_on,trend=flat|vol=mid|rates=stable|credit=risk_on
2018-06-28,flat,mid,stable,neutral,trend=flat|vol=mid|rates=stable|credit=neutral
2018-06-29,flat,mid,stable,neutral,trend=flat|vol=mid|rates=stable|credit=neutral
2018-07-02,flat,low,stable,neutral,trend=flat|vol=low|rates=stable|credit=neutral
2018-07-03,flat,mid,stable,neutral,trend=flat|vol=mid|rates=stable|credit=neutral
2018-07-05,flat,low,stable,neutral,trend=flat|vol=low|rates=stable|credit=neutral
2018-07-06,flat,low,stable,risk_off,trend=flat|vol=low|rates=stable|credit=risk_off
2018-07-09,flat,low,stable,neutral,trend=flat|vol=low|rates=stable|credit=neutral
2018-07-10,flat,low,stable,neutral,trend=flat|vol=low|rates=stable|credit=neutral
2018-07-11,flat,low,stable,risk_off,trend=flat|vol=low|rates=stable|credit=risk_off
2018-07-12,flat,low,stable,risk_off,trend=flat|vol=low|rates=stable|credit=risk_off
2018-07-13,flat,low,stable,risk_off,trend=flat|vol=low|rates=stable|credit=risk_off
2018-07-16,flat,low,stable,risk_off,trend=flat|vol=low|rates=stable|credit=risk_off
2018-07-17,flat,low,stable,risk_off,trend=flat|vol=low|rates=stable|credit=risk_off
2018-07-18,flat,low,stable,risk_off,trend=flat|vol=low|rates=stable|credit=risk_off
2018-07-19,flat,low,stable,risk_off,trend=flat|vol=low|rates=stable|credit=risk_off
2018-07-20,flat,low,stable,risk_off,trend=flat|vol=low|rates=stable|credit=risk_off
2018-07-23,up,low,stable,risk_off,trend=up|vol=low|rates=stable|credit=risk_off
2018-07-24,up,low,stable,risk_off,trend=up|vol=low|rates=stable|credit=risk_off
2018-07-25,up,low,stable,neutral,trend=up|vol=low|rates=stable|credit=neutral
2018-07-26,up,low,stable,neutral,trend=up|vol=low|rates=stable|credit=neutral
2018-07-27,up,low,stable,neutral,trend=up|vol=low|rates=stable|credit=neutral
2018-07-30,up,low,stable,neutral,trend=up|vol=low|rates=stable|credit=neutral
2018-07-31,up,low,stable,neutral,trend=up|vol=low|rates=stable|credit=neutral
2018-08-01,up,low,stable,neutral,trend=up|vol=low|rates=stable|credit=neutral
2018-08-02,up,low,stable,neutral,trend=up|vol=low|rates=stable|credit=neutral
2018-08-03,up,low,stable,neutral,trend=up|vol=low|rates=stable|credit=neutral
2018-08-06,up,low,stable,neutral,trend=up|vol=low|rates=stable|credit=neutral
2018-08-07,up,low,stable,neutral,trend=up|vol=low|rates=stable|credit=neutral
2018-08-08,up,low,stable,neutral,trend=up|vol=low|rates=stable|credit=neutral
2018-08-09,up,low,stable,risk_on,trend=up|vol=low|rates=stable|credit=risk_on
2018-08-10,flat,low,stable,neutral,trend=flat|vol=low|rates=stable|credit=neutral
2018-08-13,flat,low,stable,neutral,trend=flat|vol=low|rates=stable|credit=neutral
2018-08-14,flat,low,stable,neutral,trend=flat|vol=low|rates=stable|credit=neutral
2018-08-15,flat,low,stable,neutral,trend=flat|vol=low|rates=stable|credit=neutral
2018-08-16,flat,low,stable,neutral,trend=flat|vol=low|rates=stable|credit=neutral
2018-08-17,flat,low,stable,neutral,trend=flat|vol=low|rates=stable|credit=neutral
2018-08-20,up,low,stable,neutral,trend=up|vol=low|rates=stable|credit=neutral
2018-08-21,up,low,stable,neutral,trend=up|vol=low|rates=stable|credit=neutral
2018-08-22,flat,low,stable,neutral,trend=flat|vol=low|rates=stable|credit=neutral
2018-08-23,flat,low,stable,neutral,trend=flat|vol=low|rates=stable|credit=neutral
2018-08-24,flat,low,stable,neutral,trend=flat|vol=low|rates=stable|credit=neutral
2018-08-27,up,low,stable,neutral,trend=up|vol=low|rates=stable|credit=neutral
2018-08-28,up,low,stable,neutral,trend=up|vol=low|rates=stable|credit=neutral
2018-08-29,up,low,stable,neutral,trend=up|vol=low|rates=stable|credit=neutral
2018-08-30,up,low,stable,neutral,trend=up|vol=low|rates=stable|credit=neutral
2018-08-31,up,low,stable,neutral,trend=up|vol=low|rates=stable|credit=neutral
2018-09-04,up,low,stable,neutral,trend=up|vol=low|rates=stable|credit=neutral
2018-09-05,flat,low,stable,neutral,trend=flat|vol=low|rates=stable|credit=neutral
2018-09-06,flat,low,stable,neutral,trend=flat|vol=low|rates=stable|credit=neutral
2018-09-07,flat,low,stable,neutral,trend=flat|vol=low|rates=stable|credit=neutral
2018-09-10,flat,low,stable,neutral,trend=flat|vol=low|rates=stable|credit=neutral
2018-09-11,up,low,stable,neutral,trend=up|vol=low|rates=stable|credit=neutral
2018-09-12,up,low,stable,neutral,trend=up|vol=low|rates=stable|credit=neutral
2018-09-13,up,low,stable,neutral,trend=up|vol=low|rates=stable|credit=neutral
2018-09-14,up,low,stable,risk_on,trend=up|vol=low|rates=stable|credit=risk_on
2018-09-17,flat,low,stable,risk_on,trend=flat|vol=low|rates=stable|credit=risk_on
2018-09-18,up,low,stable,risk_on,trend=up|vol=low|rates=stable|credit=risk_on
2018-09-19,flat,low,up,risk_on,trend=flat|vol=low|rates=up|credit=risk_on
2018-09-20,up,low,up,risk_on,trend=up|vol=low|rates=up|credit=risk_on
2018-09-21,up,low,up,risk_on,trend=up|vol=low|rates=up|credit=risk_on
2018-09-24,up,low,up,risk_on,trend=up|vol=low|rates=up|credit=risk_on
2018-09-25,flat,low,up,risk_on,trend=flat|vol=low|rates=up|credit=risk_on
2018-09-26,flat,low,up,neutral,trend=flat|vol=low|rates=up|credit=neutral
2018-09-27,flat,low,stable,neutral,trend=flat|vol=low|rates=stable|credit=neutral
2018-09-28,flat,low,stable,neutral,trend=flat|vol=low|rates=stable|credit=neutral
2018-10-01,flat,low,up,risk_on,trend=flat|vol=low|rates=up|credit=risk_on
2018-10-02,flat,low,stable,neutral,trend=flat|vol=low|rates=stable|credit=neutral
2018-10-03,flat,low,up,risk_on,trend=flat|vol=low|rates=up|credit=risk_on
2018-10-04,flat,low,up,risk_on,trend=flat|vol=low|rates=up|credit=risk_on
2018-10-05,flat,low,up,risk_on,trend=flat|vol=low|rates=up|credit=risk_on
2018-10-08,flat,low,,risk_on,trend=flat|vol=low|credit=risk_on
2018-10-09,flat,low,up,risk_on,trend=flat|vol=low|rates=up|credit=risk_on
2018-10-10,down,mid,up,neutral,trend=down|vol=mid|rates=up|credit=neutral
2018-10-11,down,mid,stable,neutral,trend=down|vol=mid|rates=stable|credit=neutral
2018-10-12,down,mid,stable,neutral,trend=down|vol=mid|rates=stable|credit=neutral
2018-10-15,down,mid,stable,neutral,trend=down|vol=mid|rates=stable|credit=neutral
2018-10-16,down,mid,stable,neutral,trend=down|vol=mid|rates=stable|credit=neutral
2018-10-17,down,mid,stable,neutral,trend=down|vol=mid|rates=stable|credit=neutral
2018-10-18,down,mid,stable,neutral,trend=down|vol=mid|rates=stable|credit=neutral
2018-10-19,down,mid,stable,neutral,trend=down|vol=mid|rates=stable|credit=neutral
2018-10-22,down,mid,stable,neutral,trend=down|vol=mid|rates=stable|credit=neutral
2018-10-23,down,mid,stable,neutral,trend=down|vol=mid|rates=stable|credit=neutral
2018-10-24,down,high,stable,neutral,trend=down|vol=high|rates=stable|credit=neutral
2018-10-25,down,mid,stable,neutral,trend=down|vol=mid|rates=stable|credit=neutral
2018-10-26,down,mid,stable,neutral,trend=down|vol=mid|rates=stable|credit=neutral
2018-10-29,down,mid,stable,neutral,trend=down|vol=mid|rates=stable|credit=neutral
2018-10-30,down,mid,stable,neutral,trend=down|vol=mid|rates=stable|credit=neutral
2018-10-31,down,mid,stable,neutral,trend=down|vol=mid|rates=stable|credit=neutral
2018-11-01,down,mid,stable,neutral,trend=down|vol=mid|rates=stable|credit=neutral
2018-11-02,down,mid,stable,neutral,trend=down|vol=mid|rates=stable|credit=neutral
2018-11-05,down,mid,stable,neutral,trend=down|vol=mid|rates=stable|credit=neutral
2018-11-06,down,mid,stable,neutral,trend=down|vol=mid|rates=stable|credit=neutral
2018-11-07,down,mid,stable,neutral,trend=down|vol=mid|rates=stable|credit=neutral
2018-11-08,flat,mid,stable,risk_on,trend=flat|vol=mid|rates=stable|credit=risk_on
2018-11-09,up,mid,stable,neutral,trend=up|vol=mid|rates=stable|credit=neutral
2018-11-12,flat,mid,,neutral,trend=flat|vol=mid|credit=neutral
2018-11-13,flat,mid,stable,neutral,trend=flat|vol=mid|rates=stable|credit=neutral
2018-11-14,down,mid,stable,neutral,trend=down|vol=mid|rates=stable|credit=neutral
2018-11-15,down,mid,stable,neutral,trend=down|vol=mid|rates=stable|credit=neutral
2018-11-16,flat,mid,stable,neutral,trend=flat|vol=mid|rates=stable|credit=neutral
2018-11-19,down,mid,stable,risk_off,trend=down|vol=mid|rates=stable|credit=risk_off
2018-11-20,down,mid,stable,risk_off,trend=down|vol=mid|rates=stable|credit=risk_off
2018-11-21,down,mid,stable,neutral,trend=down|vol=mid|rates=stable|credit=neutral
2018-11-23,flat,mid,stable,neutral,trend=flat|vol=mid|rates=stable|credit=neutral
2018-11-26,flat,mid,stable,neutral,trend=flat|vol=mid|rates=stable|credit=neutral
2018-11-27,flat,mid,stable,neutral,trend=flat|vol=mid|rates=stable|credit=neutral
2018-11-28,up,mid,stable,neutral,trend=up|vol=mid|rates=stable|credit=neutral
2018-11-29,up,mid,stable,neutral,trend=up|vol=mid|rates=stable|credit=neutral
2018-11-30,flat,mid,stable,neutral,trend=flat|vol=mid|rates=stable|credit=neutral
2018-12-03,up,mid,stable,neutral,trend=up|vol=mid|rates=stable|credit=neutral
2018-12-04,flat,mid,down,neutral,trend=flat|vol=mid|rates=down|credit=neutral
2018-12-06,flat,mid,down,risk_off,trend=flat|vol=mid|rates=down|credit=risk_off
2018-12-07,down,mid,down,risk_off,trend=down|vol=mid|rates=down|credit=risk_off
2018-12-10,down,mid,down,risk_off,trend=down|vol=mid|rates=down|credit=risk_off
2018-12-11,down,mid,down,risk_off,trend=down|vol=mid|rates=down|credit=risk_off
2018-12-12,down,mid,down,risk_off,trend=down|vol=mid|rates=down|credit=risk_off
2018-12-13,down,mid,down,neutral,trend=down|vol=mid|rates=down|credit=neutral
2018-12-14,down,mid,down,risk_off,trend=down|vol=mid|rates=down|credit=risk_off
2018-12-17,down,mid,down,risk_off,trend=down|vol=mid|rates=down|credit=risk_off
2018-12-18,down,high,down,risk_off,trend=down|vol=high|rates=down|credit=risk_off
2018-12-19,down,high,down,risk_off,trend=down|vol=high|rates=down|credit=risk_off
2018-12-20,down,high,down,risk_off,trend=down|vol=high|rates=down|credit=risk_off
2018-12-21,down,high,down,risk_off,trend=down|vol=high|rates=down|credit=risk_off
2018-12-24,down,high,down,risk_off,trend=down|vol=high|rates=down|credit=risk_off
2018-12-26,down,high,down,risk_off,trend=down|vol=high|rates=down|credit=risk_off
2018-12-27,down,high,down,risk_off,trend=down|vol=high|rates=down|credit=risk_off
2018-12-28,down,high,down,risk_off,trend=down|vol=high|rates=down|credit=risk_off
2018-12-31,down,high,down,risk_off,trend=down|vol=high|rates=down|credit=risk_off
2019-01-02,down,mid,down,risk_off,trend=down|vol=mid|rates=down|credit=risk_off
2019-01-03,down,high,down,risk_off,trend=down|vol=high|rates=down|credit=risk_off
2019-01-04,down,mid,down,risk_off,trend=down|vol=mid|rates=down|credit=risk_off
2019-01-07,down,mid,down,risk_off,trend=down|vol=mid|rates=down|credit=risk_off
2019-01-08,down,mid,stable,neutral,trend=down|vol=mid|rates=stable|credit=neutral
2019-01-09,flat,mid,stable,neutral,trend=flat|vol=mid|rates=stable|credit=neutral
2019-01-10,flat,mid,stable,neutral,trend=flat|vol=mid|rates=stable|credit=neutral
2019-01-11,flat,mid,stable,neutral,trend=flat|vol=mid|rates=stable|credit=neutral
2019-01-14,down,mid,down,neutral,trend=down|vol=mid|rates=down|credit=neutral
2019-01-15,flat,mid,stable,neutral,trend=flat|vol=mid|rates=stable|credit=neutral
2019-01-16,flat,mid,stable,neutral,trend=flat|vol=mid|rates=stable|credit=neutral
2019-01-17,up,mid,stable,risk_on,trend=up|vol=mid|rates=stable|credit=risk_on
2019-01-18,up,mid,stable,risk_on,trend=up|vol=mid|rates=stable|credit=risk_on
2019-01-22,up,mid,stable,risk_on,trend=up|vol=mid|rates=stable|credit=risk_on
2019-01-23,up,mid,stable,risk_on,trend=up|vol=mid|rates=stable|credit=risk_on
2019-01-24,up,mid,stable,risk_on,trend=up|vol=mid|rates=stable|credit=risk_on
2019-01-25,up,mid,stable,risk_on,trend=up|vol=mid|rates=stable|credit=risk_on
2019-01-28,up,mid,stable,risk_on,trend=up|vol=mid|rates=stable|credit=risk_on
2019-01-29,up,mid,stable,risk_on,trend=up|vol=mid|rates=stable|credit=risk_on
2019-01-30,up,mid,stable,risk_on,trend=up|vol=mid|rates=stable|credit=risk_on
2019-01-31,up,mid,stable,risk_on,trend=up|vol=mid|rates=stable|credit=risk_on
2019-02-01,up,mid,stable,risk_on,trend=up|vol=mid|rates=stable|credit=risk_on
2019-02-04,up,low,stable,risk_on,trend=up|vol=low|rates=stable|credit=risk_on
2019-02-05,up,low,stable,neutral,trend=up|vol=low|rates=stable|credit=neutral
2019-02-06,up,low,stable,neutral,trend=up|vol=low|rates=stable|credit=neutral
2019-02-07,up,mid,stable,neutral,trend=up|vol=mid|rates=stable|credit=neutral
2019-02-08,up,low,stable,neutral,trend=up|vol=low|rates=stable|credit=neutral
2019-02-11,up,low,stable,risk_off,trend=up|vol=low|rates=stable|credit=risk_off
2019-02-12,up,low,stable,neutral,trend=up|vol=low|rates=stable|credit=neutral
2019-02-13,up,low,stable,neutral,trend=up|vol=low|rates=stable|credit=neutral
2019-02-14,up,mid,stable,neutral,trend=up|vol=mid|rates=stable|credit=neutral
2019-02-15,up,low,stable,neutral,trend=up|vol=low|rates=stable|credit=neutral
2019-02-19,up,low,stable,neutral,trend=up|vol=low|rates=stable|credit=neutral
2019-02-20,up,low,stable,neutral,trend=up|vol=low|rates=stable|credit=neutral
2019-02-21,up,low,stable,neutral,trend=up|vol=low|rates=stable|credit=neutral
2019-02-22,up,low,stable,neutral,trend=up|vol=low|rates=stable|credit=neutral
2019-02-25,up,low,stable,neutral,trend=up|vol=low|rates=stable|credit=neutral
2019-02-26,up,low,stable,neutral,trend=up|vol=low|rates=stable|credit=neutral
2019-02-27,up,low,stable,neutral,trend=up|vol=low|rates=stable|credit=neutral
2019-02-28,up,low,stable,risk_on,trend=up|vol=low|rates=stable|credit=risk_on
2019-03-01,up,low,stable,risk_on,trend=up|vol=low|rates=stable|credit=risk_on
2019-03-04,up,low,stable,risk_on,trend=up|vol=low|rates=stable|credit=risk_on
2019-03-05,up,low,stable,risk_on,trend=up|vol=low|rates=stable|credit=risk_on
2019-03-06,flat,low,stable,neutral,trend=flat|vol=low|rates=stable|credit=neutral
2019-03-07,flat,mid,stable,neutral,trend=flat|vol=mid|rates=stable|credit=neutral
2019-03-08,flat,mid,stable,neutral,trend=flat|vol=mid|rates=stable|credit=neutral
2019-03-11,up,low,stable,neutral,trend=up|vol=low|rates=stable|credit=neutral
2019-03-12,up,low,stable,neutral,trend=up|vol=low|rates=stable|credit=neutral
2019-03-13,up,low,stable,neutral,trend=up|vol=low|rates=stable|credit=neutral
2019-03-14,up,low,stable,neutral,trend=up|vol=low|rates=stable|credit=neutral
2019-03-15,up,low,stable,neutral,trend=up|vol=low|rates=stable|credit=neutral
2019-03-18,up,low,stable,neutral,trend=up|vol=low|rates=stable|credit=neutral
2019-03-19,up,low,stable,neutral,trend=up|vol=low|rates=stable|credit=neutral
2019-03-20,flat,low,stable,neutral,trend=flat|vol=low|rates=stable|credit=neutral
2019-03-21,up,low,stable,neutral,trend=up|vol=low|rates=stable|credit=neutral
2019-03-22,flat,mid,down,risk_off,trend=flat|vol=mid|rates=down|credit=risk_off
2019-03-25,flat,mid,down,risk_off,trend=flat|vol=mid|rates=down|credit=risk_off
2019-03-26,flat,low,down,risk_off,trend=flat|vol=low|rates=down|credit=risk_off
2019-03-27,flat,low,down,risk_off,trend=flat|vol=low|rates=down|credit=risk_off
2019-03-28,flat,low,down,risk_off,trend=flat|vol=low|rates=down|credit=risk_off
2019-03-29,flat,low,down,risk_off,trend=flat|vol=low|rates=down|credit=risk_off
2019-04-01,up,low,down,risk_off,trend=up|vol=low|rates=down|credit=risk_off
2019-04-02,up,low,down,risk_off,trend=up|vol=low|rates=down|credit=risk_off
2019-04-03,up,low,down,risk_off,trend=up|vol=low|rates=down|credit=risk_off
2019-04-04,up,low,stable,neutral,trend=up|vol=low|rates=stable|credit=neutral
2019-04-05,up,low,stable,neutral,trend=up|vol=low|rates=stable|credit=neutral
2019-04-08,up,low,stable,neutral,trend=up|vol=low|rates=stable|credit=neutral
2019-04-09,up,low,stable,neutral,trend=up|vol=low|rates=stable|credit=neutral
2019-04-10,up,low,stable,neutral,trend=up|vol=low|rates=stable|credit=neutral
2019-04-11,up,low,stable,neutral,trend=up|vol=low|rates=stable|credit=neutral
2019-04-12,up,low,stable,neutral,trend=up|vol=low|rates=stable|credit=neutral
2019-04-15,up,low,stable,neutral,trend=up|vol=low|rates=stable|credit=neutral
2019-04-16,up,low,stable,neutral,trend=up|vol=low|rates=stable|credit=neutral
2019-04-17,up,low,stable,neutral,trend=up|vol=low|rates=stable|credit=neutral
2019-04-18,up,low,stable,neutral,trend=up|vol=low|rates=stable|credit=neutral
2019-04-22,flat,low,stable,neutral,trend=flat|vol=low|rates=stable|credit=neutral
2019-04-23,up,low,stable,risk_on,trend=up|vol=low|rates=stable|credit=risk_on
2019-04-24,up,low,stable,neutral,trend=up|vol=low|rates=stable|credit=neutral
2019-04-25,up,low,stable,neutral,trend=up|vol=low|rates=stable|credit=neutral
2019-04-26,up,low,stable,neutral,trend=up|vol=low|rates=stable|credit=neutral
2019-04-29,up,low,stable,neutral,trend=up|vol=low|rates=stable|credit=neutral
2019-04-30,up,low,stable,neutral,trend=up|vol=low|rates=stable|credit=neutral
2019-05-01,up,low,stable,neutral,trend=up|vol=low|rates=stable|credit=neutral
2019-05-02,flat,low,stable,neutral,trend=flat|vol=low|rates=stable|credit=neutral
2019-05-03,up,low,stable,neutral,trend=up|vol=low|rates=stable|credit=neutral
2019-05-06,flat,low,stable,neutral,trend=flat|vol=low|rates=stable|credit=neutral
2019-05-07,flat,mid,stable,neutral,trend=flat|vol=mid|rates=stable|credit=neutral
2019-05-08,flat,mid,stable,neutral,trend=flat|vol=mid|rates=stable|credit=neutral
2019-05-09,flat,mid,stable,neutral,trend=flat|vol=mid|rates=stable|credit=neutral
2019-05-10,flat,mid,stable,neutral,trend=flat|vol=mid|rates=stable|credit=neutral
2019-05-13,down,mid,stable,risk_off,trend=down|vol=mid|rates=stable|credit=risk_off
2019-05-14,down,mid,stable,risk_off,trend=down|vol=mid|rates=stable|credit=risk_off
2019-05-15,flat,mid,stable,risk_off,trend=flat|vol=mid|rates=stable|credit=risk_off
2019-05-16,flat,low,down,risk_off,trend=flat|vol=low|rates=down|credit=risk_off
2019-05-17,flat,low,stable,risk_off,trend=flat|vol=low|rates=stable|credit=risk_off
2019-05-20,down,mid,stable,risk_off,trend=down|vol=mid|rates=stable|credit=risk_off
2019-05-21,flat,low,stable,neutral,trend=flat|vol=low|rates=stable|credit=neutral
2019-05-22,down,low,stable,neutral,trend=down|vol=low|rates=stable|credit=neutral
2019-05-23,down,mid,down,risk_off,trend=down|vol=mid|rates=down|credit=risk_off
2019-05-24,down,low,down,risk_off,trend=down|vol=low|rates=down|credit=risk_off
2019-05-28,down,mid,down,risk_off,trend=down|vol=mid|rates=down|credit=risk_off
2019-05-29,down,mid,down,risk_off,trend=down|vol=mid|rates=down|credit=risk_off
2019-05-30,down,mid,down,risk_off,trend=down|vol=mid|rates=down|credit=risk_off
2019-05-31,down,mid,down,risk_off,trend=down|vol=mid|rates=down|credit=risk_off
2019-06-03,down,mid,down,risk_off,trend=down|vol=mid|rates=down|credit=risk_off
2019-06-04,down,mid,down,risk_off,trend=down|vol=mid|rates=down|credit=risk_off
2019-06-05,down,mid,down,risk_off,trend=down|vol=mid|rates=down|credit=risk_off
2019-06-06,flat,low,down,risk_off,trend=flat|vol=low|rates=down|credit=risk_off
2019-06-07,flat,mid,down,risk_off,trend=flat|vol=mid|rates=down|credit=risk_off
2019-06-10,flat,low,down,risk_off,trend=flat|vol=low|rates=down|credit=risk_off
2019-06-11,flat,low,down,risk_off,trend=flat|vol=low|rates=down|credit=risk_off
2019-06-12,up,low,down,risk_off,trend=up|vol=low|rates=down|credit=risk_off
2019-06-13,up,low,down,risk_off,trend=up|vol=low|rates=down|credit=risk_off
2019-06-14,flat,low,down,risk_off,trend=flat|vol=low|rates=down|credit=risk_off
2019-06-17,flat,low,down,risk_off,trend=flat|vol=low|rates=down|credit=risk_off
2019-06-18,up,low,down,risk_off,trend=up|vol=low|rates=down|credit=risk_off
2019-06-19,up,low,down,risk_off,trend=up|vol=low|rates=down|credit=risk_off
2019-06-20,up,low,down,risk_off,trend=up|vol=low|rates=down|credit=risk_off
2019-06-21,up,low,down,risk_off,trend=up|vol=low|rates=down|credit=risk_off
2019-06-24,up,low,down,risk_off,trend=up|vol=low|rates=down|credit=risk_off
2019-06-25,up,mid,down,risk_off,trend=up|vol=mid|rates=down|credit=risk_off
2019-06-26,up,mid,down,risk_off,trend=up|vol=mid|rates=down|credit=risk_off
2019-06-27,up,low,down,risk_off,trend=up|vol=low|rates=down|credit=risk_off
2019-06-28,up,low,down,risk_off,trend=up|vol=low|rates=down|credit=risk_off
2019-07-01,up,low,stable,neutral,trend=up|vol=low|rates=stable|credit=neutral
2019-07-02,up,low,stable,neutral,trend=up|vol=low|rates=stable|credit=neutral
2019-07-03,up,low,stable,risk_off,trend=up|vol=low|rates=stable|credit=risk_off
2019-07-05,up,low,stable,neutral,trend=up|vol=low|rates=stable|credit=neutral
2019-07-08,up,low,stable,neutral,trend=up|vol=low|rates=stable|credit=neutral
2019-07-09,up,low,stable,neutral,trend=up|vol=low|rates=stable|credit=neutral
2019-07-10,up,low,stable,risk_off,trend=up|vol=low|rates=stable|credit=risk_off
2019-07-11,up,low,stable,neutral,trend=up|vol=low|rates=stable|credit=neutral
2019-07-12,up,low,stable,neutral,trend=up|vol=low|rates=stable|credit=neutral
2019-07-15,up,low,stable,neutral,trend=up|vol=low|rates=stable|credit=neutral
2019-07-16,up,low,stable,neutral,trend=up|vol=low|rates=stable|credit=neutral
2019-07-17,up,low,stable,neutral,trend=up|vol=low|rates=stable|credit=neutral
2019-07-18,up,low,stable,neutral,trend=up|vol=low|rates=stable|credit=neutral
2019-07-19,flat,low,stable,neutral,trend=flat|vol=low|rates=stable|credit=neutral
2019-07-22,flat,low,stable,neutral,trend=flat|vol=low|rates=stable|credit=neutral
2019-07-23,up,low,stable,neutral,trend=up|vol=low|rates=stable|credit=neutral
2019-07-24,up,low,stable,neutral,trend=up|vol=low|rates=stable|credit=neutral
2019-07-25,up,low,stable,neutral,trend=up|vol=low|rates=stable|credit=neutral
2019-07-26,up,low,stable,neutral,trend=up|vol=low|rates=stable|credit=neutral
2019-07-29,up,low,stable,neutral,trend=up|vol=low|rates=stable|credit=neutral
2019-07-30,up,low,stable,neutral,trend=up|vol=low|rates=stable|credit=neutral
2019-07-31,flat,mid,stable,neutral,trend=flat|vol=mid|rates=stable|credit=neutral
2019-08-01,flat,mid,stable,neutral,trend=flat|vol=mid|rates=stable|credit=neutral
2019-08-02,down,mid,stable,risk_off,trend=down|vol=mid|rates=stable|credit=risk_off
2019-08-05,down,mid,down,risk_off,trend=down|vol=mid|rates=down|credit=risk_off
2019-08-06,down,mid,down,risk_off,trend=down|vol=mid|rates=down|credit=risk_off
2019-08-07,down,mid,down,risk_off,trend=down|vol=mid|rates=down|credit=risk_off
2019-08-08,flat,mid,down,risk_off,trend=flat|vol=mid|rates=down|credit=risk_off
2019-08-09,down,mid,down,risk_off,trend=down|vol=mid|rates=down|credit=risk_off
2019-08-12,down,mid,down,risk_off,trend=down|vol=mid|rates=down|credit=risk_off
2019-08-13,down,mid,down,risk_off,trend=down|vol=mid|rates=down|credit=risk_off
2019-08-14,down,mid,down,risk_off,trend=down|vol=mid|rates=down|credit=risk_off
2019-08-15,down,mid,down,risk_off,trend=down|vol=mid|rates=down|credit=risk_off
2019-08-16,down,mid,down,risk_off,trend=down|vol=mid|rates=down|credit=risk_off
2019-08-19,flat,mid,down,risk_off,trend=flat|vol=mid|rates=down|credit=risk_off
2019-08-20,down,mid,down,risk_off,trend=down|vol=mid|rates=down|credit=risk_off
2019-08-21,down,low,down,risk_off,trend=down|vol=low|rates=down|credit=risk_off
2019-08-22,down,mid,down,risk_off,trend=down|vol=mid|rates=down|credit=risk_off
2019-08-23,down,mid,down,risk_off,trend=down|vol=mid|rates=down|credit=risk_off
2019-08-26,down,mid,down,risk_off,trend=down|vol=mid|rates=down|credit=risk_off
2019-08-27,down,mid,down,risk_off,trend=down|vol=mid|rates=down|credit=risk_off
2019-08-28,down,mid,down,risk_off,trend=down|vol=mid|rates=down|credit=risk_off
2019-08-29,flat,mid,down,risk_off,trend=flat|vol=mid|rates=down|credit=risk_off
2019-08-30,flat,mid,down,risk_off,trend=flat|vol=mid|rates=down|credit=risk_off
2019-09-03,flat,mid,down,risk_off,trend=flat|vol=mid|rates=down|credit=risk_off
2019-09-04,up,mid,down,risk_off,trend=up|vol=mid|rates=down|credit=risk_off
2019-09-05,up,mid,stable,neutral,trend=up|vol=mid|rates=stable|credit=neutral
2019-09-06,up,low,stable,neutral,trend=up|vol=low|rates=stable|credit=neutral
2019-09-09,flat,low,stable,neutral,trend=flat|vol=low|rates=stable|credit=neutral
2019-09-10,up,low,stable,risk_on,trend=up|vol=low|rates=stable|credit=risk_on
2019-09-11,up,low,stable,risk_on,trend=up|vol=low|rates=stable|credit=risk_on
2019-09-12,up,low,stable,risk_on,trend=up|vol=low|rates=stable|credit=risk_on
2019-09-13,up,low,up,risk_on,trend=up|vol=low|rates=up|credit=risk_on
2019-09-16,up,low,up,risk_on,trend=up|vol=low|rates=up|credit=risk_on
2019-09-17,up,low,up,risk_on,trend=up|vol=low|rates=up|credit=risk_on
2019-09-18,up,low,stable,risk_on,trend=up|vol=low|rates=stable|credit=risk_on
2019-09-19,up,low,up,risk_on,trend=up|vol=low|rates=up|credit=risk_on
2019-09-20,up,low,stable,risk_on,trend=up|vol=low|rates=stable|credit=risk_on
2019-09-23,up,low,stable,risk_on,trend=up|vol=low|rates=stable|credit=risk_on
2019-09-24,up,mid,stable,risk_on,trend=up|vol=mid|rates=stable|credit=risk_on
2019-09-25,up,low,stable,risk_on,trend=up|vol=low|rates=stable|credit=risk_on
2019-09-26,up,mid,up,risk_on,trend=up|vol=mid|rates=up|credit=risk_on
2019-09-27,up,mid,up,risk_on,trend=up|vol=mid|rates=up|credit=risk_on
2019-09-30,flat,mid,stable,risk_on,trend=flat|vol=mid|rates=stable|credit=risk_on
2019-10-01,flat,mid,stable,neutral,trend=flat|vol=mid|rates=stable|credit=neutral
2019-10-02,flat,mid,stable,neutral,trend=flat|vol=mid|rates=stable|credit=neutral
2019-10-03,flat,mid,stable,neutral,trend=flat|vol=mid|rates=stable|credit=neutral
2019-10-04,flat,mid,stable,risk_off,trend=flat|vol=mid|rates=stable|credit=risk_off
2019-10-07,flat,mid,stable,neutral,trend=flat|vol=mid|rates=stable|credit=neutral
2019-10-08,down,mid,stable,risk_off,trend=down|vol=mid|rates=stable|credit=risk_off
2019-10-09,flat,mid,stable,risk_off,trend=flat|vol=mid|rates=stable|credit=risk_off
2019-10-10,flat,mid,stable,risk_off,trend=flat|vol=mid|rates=stable|credit=risk_off
2019-10-11,flat,low,stable,risk_off,trend=flat|vol=low|rates=stable|credit=risk_off
2019-10-14,flat,low,,risk_off,trend=flat|vol=low|credit=risk_off
2019-10-15,flat,low,stable,risk_off,trend=flat|vol=low|rates=stable|credit=risk_off
2019-10-16,flat,low,stable,risk_off,trend=flat|vol=low|rates=stable|credit=risk_off
2019-10-17,flat,low,stable,risk_off,trend=flat|vol=low|rates=stable|credit=risk_off
2019-10-18,flat,low,stable,neutral,trend=flat|vol=low|rates=stable|credit=neutral
2019-10-21,flat,low,stable,neutral,trend=flat|vol=low|rates=stable|credit=neutral
2019-10-22,flat,low,stable,neutral,trend=flat|vol=low|rates=stable|credit=neutral
2019-10-23,flat,low,stable,neutral,trend=flat|vol=low|rates=stable|credit=neutral
2019-10-24,flat,low,stable,neutral,trend=flat|vol=low|rates=stable|credit=neutral
2019-10-25,flat,low,stable,neutral,trend=flat|vol=low|rates=stable|credit=neutral
2019-10-28,up,low,stable,neutral,trend=up|vol=low|rates=stable|credit=neutral
2019-10-29,up,low,stable,neutral,trend=up|vol=low|rates=stable|credit=neutral
2019-10-30,up,low,stable,neutral,trend=up|vol=low|rates=stable|credit=neutral
2019-10-31,up,low,stable,neutral,trend=up|vol=low|rates=stable|credit=neutral
2019-11-01,up,low,stable,risk_on,trend=up|vol=low|rates=stable|credit=risk_on
2019-11-04,up,low,up,risk_on,trend=up|vol=low|rates=up|credit=risk_on
2019-11-05,up,low,up,risk_on,trend=up|vol=low|rates=up|credit=risk_on
2019-11-06,up,low,up,risk_on,trend=up|vol=low|rates=up|credit=risk_on
2019-11-07,up,low,up,risk_on,trend=up|vol=low|rates=up|credit=risk_on
2019-11-08,up,low,up,risk_on,trend=up|vol=low|rates=up|credit=risk_on
2019-11-11,up,low,,neutral,trend=up|vol=low|credit=neutral
2019-11-12,up,low,up,risk_on,trend=up|vol=low|rates=up|credit=risk_on
2019-11-13,up,low,stable,neutral,trend=up|vol=low|rates=stable|credit=neutral
2019-11-14,up,low,stable,neutral,trend=up|vol=low|rates=stable|credit=neutral
2019-11-15,up,low,stable,neutral,trend=up|vol=low|rates=stable|credit=neutral
2019-11-18,up,low,stable,neutral,trend=up|vol=low|rates=stable|credit=neutral
2019-11-19,up,low,stable,neutral,trend=up|vol=low|rates=stable|credit=neutral
2019-11-20,up,low,stable,risk_off,trend=up|vol=low|rates=stable|credit=risk_off
2019-11-21,up,low,stable,neutral,trend=up|vol=low|rates=stable|credit=neutral
2019-11-22,up,low,stable,neutral,trend=up|vol=low|rates=stable|credit=neutral
2019-11-25,up,low,stable,neutral,trend=up|vol=low|rates=stable|credit=neutral
2019-11-26,up,low,stable,risk_off,trend=up|vol=low|rates=stable|credit=risk_off
2019-11-27,up,low,stable,risk_off,trend=up|vol=low|rates=stable|credit=risk_off
2019-11-29,up,low,stable,neutral,trend=up|vol=low|rates=stable|credit=neutral
2019-12-02,up,low,stable,neutral,trend=up|vol=low|rates=stable|credit=neutral
2019-12-03,flat,low,stable,neutral,trend=flat|vol=low|rates=stable|credit=neutral
2019-12-04,flat,low,stable,risk_off,trend=flat|vol=low|rates=stable|credit=risk_off
2019-12-05,flat,low,stable,risk_off,trend=flat|vol=low|rates=stable|credit=risk_off
2019-12-06,up,low,stable,neutral,trend=up|vol=low|rates=stable|credit=neutral
2019-12-09,flat,low,stable,risk_off,trend=flat|vol=low|rates=stable|credit=risk_off
2019-12-10,flat,low,stable,risk_off,trend=flat|vol=low|rates=stable|credit=risk_off
2019-12-11,flat,low,stable,risk_off,trend=flat|vol=low|rates=stable|credit=risk_off
2019-12-12,up,low,stable,neutral,trend=up|vol=low|rates=stable|credit=neutral
2019-12-13,up,low,stable,neutral,trend=up|vol=low|rates=stable|credit=neutral
2019-12-16,up,low,stable,neutral,trend=up|vol=low|rates=stable|credit=neutral
2019-12-17,up,low,stable,neutral,trend=up|vol=low|rates=stable|credit=neutral
2019-12-18,up,low,stable,neutral,trend=up|vol=low|rates=stable|credit=neutral
2019-12-19,up,low,stable,risk_on,trend=up|vol=low|rates=stable|credit=risk_on
2019-12-20,up,low,stable,risk_on,trend=up|vol=low|rates=stable|credit=risk_on
2019-12-23,up,low,stable,risk_on,trend=up|vol=low|rates=stable|credit=risk_on
2019-12-24,up,low,stable,risk_on,trend=up|vol=low|rates=stable|credit=risk_on
2019-12-26,up,low,stable,risk_on,trend=up|vol=low|rates=stable|credit=risk_on
2019-12-27,up,low,stable,risk_on,trend=up|vol=low|rates=stable|credit=risk_on
2019-12-30,up,low,stable,neutral,trend=up|vol=low|rates=stable|credit=neutral
2019-12-31,up,low,stable,risk_on,trend=up|vol=low|rates=stable|credit=risk_on
2020-01-02,up,low,stable,risk_on,trend=up|vol=low|rates=stable|credit=risk_on
2020-01-03,up,low,stable,risk_on,trend=up|vol=low|rates=stable|credit=risk_on
2020-01-06,up,low,stable,risk_on,trend=up|vol=low|rates=stable|credit=risk_on
2020-01-07,up,low,stable,risk_on,trend=up|vol=low|rates=stable|credit=risk_on
2020-01-08,up,low,stable,risk_on,trend=up|vol=low|rates=stable|credit=risk_on
2020-01-09,up,low,stable,risk_on,trend=up|vol=low|rates=stable|credit=risk_on
2020-01-10,up,low,stable,neutral,trend=up|vol=low|rates=stable|credit=neutral
2020-01-13,up,low,stable,risk_on,trend=up|vol=low|rates=stable|credit=risk_on
2020-01-14,up,low,stable,neutral,trend=up|vol=low|rates=stable|credit=neutral
2020-01-15,up,low,stable,neutral,trend=up|vol=low|rates=stable|credit=neutral
2020-01-16,up,low,stable,neutral,trend=up|vol=low|rates=stable|credit=neutral
2020-01-17,up,low,stable,neutral,trend=up|vol=low|rates=stable|credit=neutral
2020-01-21,up,low,stable,risk_off,trend=up|vol=low|rates=stable|credit=risk_off
2020-01-22,up,low,stable,neutral,trend=up|vol=low|rates=stable|credit=neutral
2020-01-23,up,low,stable,risk_off,trend=up|vol=low|rates=stable|credit=risk_off
2020-01-24,up,low,down,risk_off,trend=up|vol=low|rates=down|credit=risk_off
2020-01-27,flat,mid,down,risk_off,trend=flat|vol=mid|rates=down|credit=risk_off
2020-01-28,flat,mid,down,risk_off,trend=flat|vol=mid|rates=down|credit=risk_off
2020-01-29,flat,mid,down,risk_off,trend=flat|vol=mid|rates=down|credit=risk_off
2020-01-30,up,low,down,risk_off,trend=up|vol=low|rates=down|credit=risk_off
2020-01-31,flat,mid,down,risk_off,trend=flat|vol=mid|rates=down|credit=risk_off
2020-02-03,flat,mid,down,risk_off,trend=flat|vol=mid|rates=down|credit=risk_off
2020-02-04,up,mid,stable,risk_off,trend=up|vol=mid|rates=stable|credit=risk_off
2020-02-05,up,low,stable,risk_off,trend=up|vol=low|rates=stable|credit=risk_off
2020-02-06,up,low,stable,risk_off,trend=up|vol=low|rates=stable|credit=risk_off
2020-02-07,up,low,down,risk_off,trend=up|vol=low|rates=down|credit=risk_off
2020-02-10,up,low,down,risk_off,trend=up|vol=low|rates=down|credit=risk_off
2020-02-11,up,low,down,risk_off,trend=up|vol=low|rates=down|credit=risk_off
2020-02-12,up,low,down,risk_off,trend=up|vol=low|rates=down|credit=risk_off
2020-02-13,up,low,down,risk_off,trend=up|vol=low|rates=down|credit=risk_off
2020-02-14,up,low,stable,risk_off,trend=up|vol=low|rates=stable|credit=risk_off
2020-02-18,flat,low,down,risk_off,trend=flat|vol=low|rates=down|credit=risk_off
2020-02-19,flat,low,down,risk_off,trend=flat|vol=low|rates=down|credit=risk_off
2020-02-20,flat,low,down,risk_off,trend=flat|vol=low|rates=down|credit=risk_off
2020-02-21,flat,mid,down,risk_off,trend=flat|vol=mid|rates=down|credit=risk_off
2020-02-24,down,high,down,risk_off,trend=down|vol=high|rates=down|credit=risk_off
2020-02-25,down,high,down,risk_off,trend=down|vol=high|rates=down|credit=risk_off
2020-02-26,down,high,down,neutral,trend=down|vol=high|rates=down|credit=neutral
2020-02-27,down,high,down,risk_off,trend=down|vol=high|rates=down|credit=risk_off
2020-02-28,down,high,down,risk_off,trend=down|vol=high|rates=down|credit=risk_off
2020-03-02,down,high,down,risk_off,trend=down|vol=high|rates=down|credit=risk_off
2020-03-03,down,high,down,risk_off,trend=down|vol=high|rates=down|credit=risk_off
2020-03-04,down,high,down,risk_off,trend=down|vol=high|rates=down|credit=risk_off
2020-03-05,down,high,down,risk_off,trend=down|vol=high|rates=down|credit=risk_off
2020-03-06,down,high,down,risk_off,trend=down|vol=high|rates=down|credit=risk_off
2020-03-09,down,high,down,risk_off,trend=down|vol=high|rates=down|credit=risk_off
2020-03-10,down,high,down,risk_off,trend=down|vol=high|rates=down|credit=risk_off
2020-03-11,down,high,down,risk_off,trend=down|vol=high|rates=down|credit=risk_off
2020-03-12,down,high,down,risk_off,trend=down|vol=high|rates=down|credit=risk_off
2020-03-13,down,high,down,risk_off,trend=down|vol=high|rates=down|credit=risk_off
2020-03-16,down,high,down,risk_off,trend=down|vol=high|rates=down|credit=risk_off
2020-03-17,down,high,down,risk_off,trend=down|vol=high|rates=down|credit=risk_off
2020-03-18,down,high,down,risk_off,trend=down|vol=high|rates=down|credit=risk_off
2020-03-19,down,high,down,risk_on,trend=down|vol=high|rates=down|credit=risk_on
2020-03-20,down,high,down,risk_off,trend=down|vol=high|rates=down|credit=risk_off
2020-03-23,down,high,down,risk_off,trend=down|vol=high|rates=down|credit=risk_off
2020-03-24,down,high,down,risk_off,trend=down|vol=high|rates=down|credit=risk_off
2020-03-25,down,high,down,risk_off,trend=down|vol=high|rates=down|credit=risk_off
2020-03-26,down,high,down,risk_off,trend=down|vol=high|rates=down|credit=risk_off
2020-03-27,down,high,down,risk_off,trend=down|vol=high|rates=down|credit=risk_off
2020-03-30,down,high,down,risk_off,trend=down|vol=high|rates=down|credit=risk_off
2020-03-31,down,high,down,risk_off,trend=down|vol=high|rates=down|credit=risk_off
2020-04-01,down,high,down,risk_off,trend=down|vol=high|rates=down|credit=risk_off
2020-04-02,down,high,down,risk_off,trend=down|vol=high|rates=down|credit=risk_off
2020-04-03,down,high,down,risk_off,trend=down|vol=high|rates=down|credit=risk_off
2020-04-06,down,high,stable,risk_off,trend=down|vol=high|rates=stable|credit=risk_off
2020-04-07,down,high,up,risk_off,trend=down|vol=high|rates=up|credit=risk_off
2020-04-08,down,high,stable,risk_off,trend=down|vol=high|rates=stable|credit=risk_off
2020-04-09,flat,high,stable,risk_off,trend=flat|vol=high|rates=stable|credit=risk_off
2020-04-13,up,high,stable,risk_off,trend=up|vol=high|rates=stable|credit=risk_off
2020-04-14,up,high,stable,risk_off,trend=up|vol=high|rates=stable|credit=risk_off
2020-04-15,up,high,stable,neutral,trend=up|vol=high|rates=stable|credit=neutral
2020-04-16,up,high,down,risk_off,trend=up|vol=high|rates=down|credit=risk_off
2020-04-17,up,high,down,risk_off,trend=up|vol=high|rates=down|credit=risk_off
2020-04-20,up,high,down,risk_off,trend=up|vol=high|rates=down|credit=risk_off
2020-04-21,up,high,down,risk_off,trend=up|vol=high|rates=down|credit=risk_off
2020-04-22,up,high,stable,risk_on,trend=up|vol=high|rates=stable|credit=risk_on
2020-04-23,up,high,down,neutral,trend=up|vol=high|rates=down|credit=neutral
2020-04-24,up,high,down,neutral,trend=up|vol=high|rates=down|credit=neutral
2020-04-27,up,high,stable,risk_off,trend=up|vol=high|rates=stable|credit=risk_off
2020-04-28,up,high,stable,risk_off,trend=up|vol=high|rates=stable|credit=risk_off
2020-04-29,up,high,stable,risk_off,trend=up|vol=high|rates=stable|credit=risk_off
2020-04-30,up,high,stable,neutral,trend=up|vol=high|rates=stable|credit=neutral
2020-05-01,up,high,stable,neutral,trend=up|vol=high|rates=stable|credit=neutral
2020-05-04,up,high,stable,neutral,trend=up|vol=high|rates=stable|credit=neutral
2020-05-05,up,high,stable,risk_on,trend=up|vol=high|rates=stable|credit=risk_on
2020-05-06,up,high,stable,risk_on,trend=up|vol=high|rates=stable|credit=risk_on
2020-05-07,up,high,stable,risk_on,trend=up|vol=high|rates=stable|credit=risk_on
2020-05-08,up,high,stable,risk_on,trend=up|vol=high|rates=stable|credit=risk_on
2020-05-11,up,high,stable,risk_on,trend=up|vol=high|rates=stable|credit=risk_on
2020-05-12,up,high,stable,neutral,trend=up|vol=high|rates=stable|credit=neutral
2020-05-13,flat,high,stable,neutral,trend=flat|vol=high|rates=stable|credit=neutral
2020-05-14,up,high,stable,neutral,trend=up|vol=high|rates=stable|credit=neutral
2020-05-15,up,high,stable,risk_off,trend=up|vol=high|rates=stable|credit=risk_off
2020-05-18,up,high,stable,neutral,trend=up|vol=high|rates=stable|credit=neutral
2020-05-19,up,high,stable,neutral,trend=up|vol=high|rates=stable|credit=neutral
2020-05-20,up,high,stable,risk_on,trend=up|vol=high|rates=stable|credit=risk_on
2020-05-21,up,high,stable,risk_on,trend=up|vol=high|rates=stable|credit=risk_on
2020-05-22,up,high,stable,risk_on,trend=up|vol=high|rates=stable|credit=risk_on
2020-05-26,up,high,stable,risk_on,trend=up|vol=high|rates=stable|credit=risk_on
2020-05-27,up,high,stable,risk_on,trend=up|vol=high|rates=stable|credit=risk_on
2020-05-28,up,high,stable,risk_on,trend=up|vol=high|rates=stable|credit=risk_on
2020-05-29,up,high,stable,risk_on,trend=up|vol=high|rates=stable|credit=risk_on
2020-06-01,up,high,stable,risk_on,trend=up|vol=high|rates=stable|credit=risk_on
2020-06-02,up,high,stable,risk_on,trend=up|vol=high|rates=stable|credit=risk_on
2020-06-03,up,high,stable,risk_on,trend=up|vol=high|rates=stable|credit=risk_on
2020-06-04,up,high,stable,risk_on,trend=up|vol=high|rates=stable|credit=risk_on
2020-06-05,up,mid,stable,risk_on,trend=up|vol=mid|rates=stable|credit=risk_on
2020-06-08,up,high,up,risk_on,trend=up|vol=high|rates=up|credit=risk_on
2020-06-09,up,high,stable,neutral,trend=up|vol=high|rates=stable|credit=neutral
2020-06-10,up,high,stable,neutral,trend=up|vol=high|rates=stable|credit=neutral
2020-06-11,up,high,stable,neutral,trend=up|vol=high|rates=stable|credit=neutral
2020-06-12,up,high,stable,neutral,trend=up|vol=high|rates=stable|credit=neutral
2020-06-15,up,high,stable,risk_on,trend=up|vol=high|rates=stable|credit=risk_on
2020-06-16,up,high,stable,risk_on,trend=up|vol=high|rates=stable|credit=risk_on
2020-06-17,up,high,stable,neutral,trend=up|vol=high|rates=stable|credit=neutral
2020-06-18,up,high,stable,neutral,trend=up|vol=high|rates=stable|credit=neutral
2020-06-19,up,high,stable,neutral,trend=up|vol=high|rates=stable|credit=neutral
2020-06-22,up,high,stable,neutral,trend=up|vol=high|rates=stable|credit=neutral
2020-06-23,up,high,stable,neutral,trend=up|vol=high|rates=stable|credit=neutral
2020-06-24,up,high,stable,risk_off,trend=up|vol=high|rates=stable|credit=risk_off
2020-06-25,flat,high,stable,risk_off,trend=flat|vol=high|rates=stable|credit=risk_off
2020-06-26,flat,high,stable,risk_off,trend=flat|vol=high|rates=stable|credit=risk_off
2020-06-29,flat,high,stable,risk_off,trend=flat|vol=high|rates=stable|credit=risk_off
2020-06-30,flat,high,stable,risk_off,trend=flat|vol=high|rates=stable|credit=risk_off
2020-07-01,flat,high,stable,risk_off,trend=flat|vol=high|rates=stable|credit=risk_off
2020-07-02,flat,high,stable,risk_off,trend=flat|vol=high|rates=stable|credit=risk_off
2020-07-06,up,high,stable,risk_off,trend=up|vol=high|rates=stable|credit=risk_off
2020-07-07,flat,high,down,risk_off,trend=flat|vol=high|rates=down|credit=risk_off
2020-07-08,flat,high,down,risk_off,trend=flat|vol=high|rates=down|credit=risk_off
2020-07-09,flat,high,down,risk_off,trend=flat|vol=high|rates=down|credit=risk_off
2020-07-10,flat,high,stable,risk_off,trend=flat|vol=high|rates=stable|credit=risk_off
2020-07-13,up,high,stable,risk_off,trend=up|vol=high|rates=stable|credit=risk_off
2020-07-14,up,high,stable,risk_off,trend=up|vol=high|rates=stable|credit=risk_off
2020-07-15,up,high,stable,risk_off,trend=up|vol=high|rates=stable|credit=risk_off
2020-07-16,up,high,stable,risk_off,trend=up|vol=high|rates=stable|credit=risk_off
2020-07-17,up,high,stable,risk_off,trend=up|vol=high|rates=stable|credit=risk_off
2020-07-20,up,mid,stable,risk_off,trend=up|vol=mid|rates=stable|credit=risk_off
2020-07-21,up,mid,stable,neutral,trend=up|vol=mid|rates=stable|credit=neutral
2020-07-22,up,mid,stable,neutral,trend=up|vol=mid|rates=stable|credit=neutral
2020-07-23,up,high,stable,risk_off,trend=up|vol=high|rates=stable|credit=risk_off
2020-07-24,up,high,stable,neutral,trend=up|vol=high|rates=stable|credit=neutral
2020-07-27,up,mid,stable,neutral,trend=up|vol=mid|rates=stable|credit=neutral
2020-07-28,up,high,stable,risk_on,trend=up|vol=high|rates=stable|credit=risk_on
2020-07-29,up,mid,stable,risk_on,trend=up|vol=mid|rates=stable|credit=risk_on
2020-07-30,up,mid,stable,risk_on,trend=up|vol=mid|rates=stable|credit=risk_on
2020-07-31,up,mid,stable,risk_on,trend=up|vol=mid|rates=stable|credit=risk_on
2020-08-03,up,mid,stable,risk_on,trend=up|vol=mid|rates=stable|credit=risk_on
2020-08-04,up,mid,stable,neutral,trend=up|vol=mid|rates=stable|credit=neutral
2020-08-05,up,mid,stable,risk_on,trend=up|vol=mid|rates=stable|credit=risk_on
2020-08-06,up,mid,stable,neutral,trend=up|vol=mid|rates=stable|credit=neutral
2020-08-07,up,mid,stable,risk_on,trend=up|vol=mid|rates=stable|credit=risk_on
2020-08-10,up,mid,stable,risk_on,trend=up|vol=mid|rates=stable|credit=risk_on
2020-08-11,up,mid,stable,risk_on,trend=up|vol=mid|rates=stable|credit=risk_on
2020-08-12,up,mid,stable,risk_on,trend=up|vol=mid|rates=stable|credit=risk_on
2020-08-13,up,mid,stable,risk_on,trend=up|vol=mid|rates=stable|credit=risk_on
2020-08-14,up,mid,stable,risk_on,trend=up|vol=mid|rates=stable|credit=risk_on
2020-08-17,up,mid,stable,risk_on,trend=up|vol=mid|rates=stable|credit=risk_on
2020-08-18,up,mid,stable,risk_on,trend=up|vol=mid|rates=stable|credit=risk_on
2020-08-19,up,mid,stable,risk_on,trend=up|vol=mid|rates=stable|credit=risk_on
2020-08-20,up,mid,stable,risk_on,trend=up|vol=mid|rates=stable|credit=risk_on
2020-08-21,up,mid,stable,risk_on,trend=up|vol=mid|rates=stable|credit=risk_on
2020-08-24,up,mid,stable,risk_on,trend=up|vol=mid|rates=stable|credit=risk_on
2020-08-25,up,mid,stable,risk_on,trend=up|vol=mid|rates=stable|credit=risk_on
2020-08-26,up,mid,stable,risk_on,trend=up|vol=mid|rates=stable|credit=risk_on
2020-08-27,up,mid,stable,risk_on,trend=up|vol=mid|rates=stable|credit=risk_on
2020-08-28,up,mid,stable,risk_on,trend=up|vol=mid|rates=stable|credit=risk_on
2020-08-31,up,high,stable,risk_on,trend=up|vol=high|rates=stable|credit=risk_on
2020-09-01,up,high,stable,risk_on,trend=up|vol=high|rates=stable|credit=risk_on
2020-09-02,up,high,stable,risk_on,trend=up|vol=high|rates=stable|credit=risk_on
2020-09-03,up,high,stable,risk_on,trend=up|vol=high|rates=stable|credit=risk_on
2020-09-04,up,high,stable,risk_on,trend=up|vol=high|rates=stable|credit=risk_on
2020-09-08,flat,high,stable,risk_on,trend=flat|vol=high|rates=stable|credit=risk_on
2020-09-09,flat,high,stable,risk_on,trend=flat|vol=high|rates=stable|credit=risk_on
2020-09-10,flat,high,stable,risk_on,trend=flat|vol=high|rates=stable|credit=risk_on
2020-09-11,flat,high,stable,risk_on,trend=flat|vol=high|rates=stable|credit=risk_on
2020-09-14,flat,high,stable,neutral,trend=flat|vol=high|rates=stable|credit=neutral
2020-09-15,flat,high,stable,neutral,trend=flat|vol=high|rates=stable|credit=neutral
2020-09-16,flat,high,stable,neutral,trend=flat|vol=high|rates=stable|credit=neutral
2020-09-17,flat,high,stable,neutral,trend=flat|vol=high|rates=stable|credit=neutral
2020-09-18,flat,high,stable,neutral,trend=flat|vol=high|rates=stable|credit=neutral
2020-09-21,down,high,stable,neutral,trend=down|vol=high|rates=stable|credit=neutral
2020-09-22,down,high,stable,neutral,trend=down|vol=high|rates=stable|credit=neutral
2020-09-23,down,high,stable,risk_off,trend=down|vol=high|rates=stable|credit=risk_off
2020-09-24,down,high,stable,risk_off,trend=down|vol=high|rates=stable|credit=risk_off
2020-09-25,down,high,stable,risk_off,trend=down|vol=high|rates=stable|credit=risk_off
2020-09-28,down,high,stable,risk_off,trend=down|vol=high|rates=stable|credit=risk_off
2020-09-29,down,high,stable,risk_off,trend=down|vol=high|rates=stable|credit=risk_off
2020-09-30,down,high,stable,neutral,trend=down|vol=high|rates=stable|credit=neutral
2020-10-01,down,high,stable,neutral,trend=down|vol=high|rates=stable|credit=neutral
2020-10-02,down,high,stable,neutral,trend=down|vol=high|rates=stable|credit=neutral
2020-10-05,flat,high,stable,risk_on,trend=flat|vol=high|rates=stable|credit=risk_on
2020-10-06,flat,high,stable,neutral,trend=flat|vol=high|rates=stable|credit=neutral
2020-10-07,up,high,stable,risk_on,trend=up|vol=high|rates=stable|credit=risk_on
2020-10-08,flat,high,stable,neutral,trend=flat|vol=high|rates=stable|credit=neutral
2020-10-09,up,mid,stable,risk_on,trend=up|vol=mid|rates=stable|credit=risk_on
2020-10-12,up,high,,risk_on,trend=up|vol=high|credit=risk_on
2020-10-13,up,high,stable,risk_on,trend=up|vol=high|rates=stable|credit=risk_on
2020-10-14,up,high,stable,neutral,trend=up|vol=high|rates=stable|credit=neutral
2020-10-15,up,high,stable,neutral,trend=up|vol=high|rates=stable|credit=neutral
2020-10-16,up,high,stable,neutral,trend=up|vol=high|rates=stable|credit=neutral
2020-10-19,up,high,stable,neutral,trend=up|vol=high|rates=stable|credit=neutral
2020-10-20,up,high,stable,risk_on,trend=up|vol=high|rates=stable|credit=risk_on
2020-10-21,up,high,stable,risk_on,trend=up|vol=high|rates=stable|credit=risk_on
2020-10-22,up,high,stable,risk_on,trend=up|vol=high|rates=stable|credit=risk_on
2020-10-23,up,high,stable,risk_on,trend=up|vol=high|rates=stable|credit=risk_on
2020-10-26,up,high,stable,risk_on,trend=up|vol=high|rates=stable|credit=risk_on
2020-10-27,flat,high,stable,neutral,trend=flat|vol=high|rates=stable|credit=neutral
2020-10-28,flat,high,stable,neutral,trend=flat|vol=high|rates=stable|credit=neutral
2020-10-29,flat,high,stable,neutral,trend=flat|vol=high|rates=stable|credit=neutral
2020-10-30,down,high,stable,neutral,trend=down|vol=high|rates=stable|credit=neutral
2020-11-02,flat,high,stable,neutral,trend=flat|vol=high|rates=stable|credit=neutral
2020-11-03,flat,high,up,neutral,trend=flat|vol=high|rates=up|credit=neutral
2020-11-04,up,high,stable,neutral,trend=up|vol=high|rates=stable|credit=neutral
2020-11-05,up,high,stable,neutral,trend=up|vol=high|rates=stable|credit=neutral
2020-11-06,flat,mid,stable,neutral,trend=flat|vol=mid|rates=stable|credit=neutral
2020-11-09,up,high,stable,risk_on,trend=up|vol=high|rates=stable|credit=risk_on
2020-11-10,flat,mid,stable,risk_on,trend=flat|vol=mid|rates=stable|credit=risk_on
2020-11-11,flat,mid,,risk_on,trend=flat|vol=mid|credit=risk_on
2020-11-12,flat,high,stable,neutral,trend=flat|vol=high|rates=stable|credit=neutral
2020-11-13,up,mid,stable,neutral,trend=up|vol=mid|rates=stable|credit=neutral
2020-11-16,up,mid,stable,risk_on,trend=up|vol=mid|rates=stable|credit=risk_on
2020-11-17,up,mid,stable,neutral,trend=up|vol=mid|rates=stable|credit=neutral
2020-11-18,up,mid,stable,neutral,trend=up|vol=mid|rates=stable|credit=neutral
2020-11-19,up,mid,stable,neutral,trend=up|vol=mid|rates=stable|credit=neutral
2020-11-20,up,mid,stable,neutral,trend=up|vol=mid|rates=stable|credit=neutral
2020-11-23,up,mid,stable,neutral,trend=up|vol=mid|rates=stable|credit=neutral
2020-11-24,up,mid,stable,neutral,trend=up|vol=mid|rates=stable|credit=neutral
2020-11-25,up,mid,stable,risk_on,trend=up|vol=mid|rates=stable|credit=risk_on
2020-11-27,up,mid,stable,risk_on,trend=up|vol=mid|rates=stable|credit=risk_on
2020-11-30,up,mid,stable,neutral,trend=up|vol=mid|rates=stable|credit=neutral
2020-12-01,up,mid,stable,neutral,trend=up|vol=mid|rates=stable|credit=neutral
2020-12-02,up,mid,stable,risk_on,trend=up|vol=mid|rates=stable|credit=risk_on
2020-12-03,up,mid,stable,neutral,trend=up|vol=mid|rates=stable|credit=neutral
2020-12-04,up,mid,stable,risk_on,trend=up|vol=mid|rates=stable|credit=risk_on
2020-12-07,up,mid,stable,risk_on,trend=up|vol=mid|rates=stable|credit=risk_on
2020-12-08,up,mid,stable,risk_on,trend=up|vol=mid|rates=stable|credit=risk_on
2020-12-09,up,mid,stable,neutral,trend=up|vol=mid|rates=stable|credit=neutral
2020-12-10,up,mid,stable,neutral,trend=up|vol=mid|rates=stable|credit=neutral
2020-12-11,up,mid,stable,neutral,trend=up|vol=mid|rates=stable|credit=neutral
2020-12-14,up,mid,stable,neutral,trend=up|vol=mid|rates=stable|credit=neutral
2020-12-15,up,mid,stable,neutral,trend=up|vol=mid|rates=stable|credit=neutral
2020-12-16,up,mid,stable,neutral,trend=up|vol=mid|rates=stable|credit=neutral
2020-12-17,up,mid,stable,neutral,trend=up|vol=mid|rates=stable|credit=neutral
2020-12-18,up,mid,stable,risk_on,trend=up|vol=mid|rates=stable|credit=risk_on
2020-12-21,up,high,stable,risk_on,trend=up|vol=high|rates=stable|credit=risk_on
2020-12-22,up,mid,stable,risk_on,trend=up|vol=mid|rates=stable|credit=risk_on
2020-12-23,up,mid,stable,risk_on,trend=up|vol=mid|rates=stable|credit=risk_on
2020-12-24,up,mid,stable,risk_on,trend=up|vol=mid|rates=stable|credit=risk_on
2020-12-28,up,mid,stable,risk_on,trend=up|vol=mid|rates=stable|credit=risk_on
2020-12-29,up,mid,stable,risk_on,trend=up|vol=mid|rates=stable|credit=risk_on
2020-12-30,up,mid,stable,risk_on,trend=up|vol=mid|rates=stable|credit=risk_on
2020-12-31,up,mid,stable,risk_on,trend=up|vol=mid|rates=stable|credit=risk_on
2021-01-04,flat,high,stable,neutral,trend=flat|vol=high|rates=stable|credit=neutral
2021-01-05,flat,high,stable,risk_on,trend=flat|vol=high|rates=stable|credit=risk_on
2021-01-06,flat,high,stable,risk_on,trend=flat|vol=high|rates=stable|credit=risk_on
2021-01-07,up,mid,stable,risk_on,trend=up|vol=mid|rates=stable|credit=risk_on
2021-01-08,up,mid,up,risk_on,trend=up|vol=mid|rates=up|credit=risk_on
2021-01-11,up,mid,stable,risk_on,trend=up|vol=mid|rates=stable|credit=risk_on
2021-01-12,up,mid,up,risk_on,trend=up|vol=mid|rates=up|credit=risk_on
2021-01-13,up,mid,up,risk_on,trend=up|vol=mid|rates=up|credit=risk_on
2021-01-14,up,mid,up,risk_on,trend=up|vol=mid|rates=up|credit=risk_on
2021-01-15,up,mid,stable,risk_on,trend=up|vol=mid|rates=stable|credit=risk_on
2021-01-19,up,mid,stable,risk_on,trend=up|vol=mid|rates=stable|credit=risk_on
2021-01-20,up,mid,stable,risk_on,trend=up|vol=mid|rates=stable|credit=risk_on
2021-01-21,up,mid,stable,risk_on,trend=up|vol=mid|rates=stable|credit=risk_on
2021-01-22,up,mid,stable,risk_on,trend=up|vol=mid|rates=stable|credit=risk_on
2021-01-25,up,mid,stable,risk_on,trend=up|vol=mid|rates=stable|credit=risk_on
2021-01-26,up,mid,stable,risk_on,trend=up|vol=mid|rates=stable|credit=risk_on
2021-01-27,flat,high,stable,risk_on,trend=flat|vol=high|rates=stable|credit=risk_on
2021-01-28,flat,high,stable,risk_on,trend=flat|vol=high|rates=stable|credit=risk_on
2021-01-29,flat,high,stable,risk_on,trend=flat|vol=high|rates=stable|credit=risk_on
2021-02-01,flat,high,stable,risk_on,trend=flat|vol=high|rates=stable|credit=risk_on
2021-02-02,up,high,stable,risk_on,trend=up|vol=high|rates=stable|credit=risk_on
2021-02-03,up,mid,up,risk_on,trend=up|vol=mid|rates=up|credit=risk_on
2021-02-04,up,mid,stable,risk_on,trend=up|vol=mid|rates=stable|credit=risk_on
2021-02-05,up,mid,stable,risk_on,trend=up|vol=mid|rates=stable|credit=risk_on
2021-02-08,up,mid,stable,risk_on,trend=up|vol=mid|rates=stable|credit=risk_on
2021-02-09,up,mid,stable,neutral,trend=up|vol=mid|rates=stable|credit=neutral
2021-02-10,up,mid,stable,neutral,trend=up|vol=mid|rates=stable|credit=neutral
2021-02-11,up,mid,stable,risk_on,trend=up|vol=mid|rates=stable|credit=risk_on
2021-02-12,up,mid,stable,risk_on,trend=up|vol=mid|rates=stable|credit=risk_on
2021-02-16,up,mid,stable,risk_on,trend=up|vol=mid|rates=stable|credit=risk_on
2021-02-17,up,mid,stable,risk_on,trend=up|vol=mid|rates=stable|credit=risk_on
2021-02-18,up,mid,stable,risk_on,trend=up|vol=mid|rates=stable|credit=risk_on
2021-02-19,flat,mid,up,risk_on,trend=flat|vol=mid|rates=up|credit=risk_on
2021-02-22,flat,mid,up,risk_on,trend=flat|vol=mid|rates=up|credit=risk_on
2021-02-23,flat,mid,up,risk_on,trend=flat|vol=mid|rates=up|credit=risk_on
2021-02-24,flat,mid,up,risk_on,trend=flat|vol=mid|rates=up|credit=risk_on
2021-02-25,flat,high,up,risk_on,trend=flat|vol=high|rates=up|credit=risk_on
2021-02-26,flat,high,up,risk_on,trend=flat|vol=high|rates=up|credit=risk_on
2021-03-01,up,mid,up,risk_on,trend=up|vol=mid|rates=up|credit=risk_on
2021-03-02,up,mid,up,risk_on,trend=up|vol=mid|rates=up|credit=risk_on
2021-03-03,flat,high,up,risk_on,trend=flat|vol=high|rates=up|credit=risk_on
2021-03-04,flat,high,up,risk_on,trend=flat|vol=high|rates=up|credit=risk_on
2021-03-05,flat,mid,up,risk_on,trend=flat|vol=mid|rates=up|credit=risk_on
2021-03-08,flat,high,up,risk_on,trend=flat|vol=high|rates=up|credit=risk_on
2021-03-09,flat,mid,up,risk_on,trend=flat|vol=mid|rates=up|credit=risk_on
2021-03-10,flat,mid,up,risk_on,trend=flat|vol=mid|rates=up|credit=risk_on
2021-03-11,flat,mid,up,risk_on,trend=flat|vol=mid|rates=up|credit=risk_on
2021-03-12,flat,mid,up,risk_on,trend=flat|vol=mid|rates=up|credit=risk_on
2021-03-15,flat,mid,up,risk_on,trend=flat|vol=mid|rates=up|credit=risk_on
2021-03-16,flat,mid,up,risk_on,trend=flat|vol=mid|rates=up|credit=risk_on
2021-03-17,flat,mid,up,risk_on,trend=flat|vol=mid|rates=up|credit=risk_on
2021-03-18,flat,mid,up,risk_on,trend=flat|vol=mid|rates=up|credit=risk_on
2021-03-19,flat,mid,up,risk_on,trend=flat|vol=mid|rates=up|credit=risk_on
2021-03-22,flat,mid,up,risk_on,trend=flat|vol=mid|rates=up|credit=risk_on
2021-03-23,flat,mid,up,risk_on,trend=flat|vol=mid|rates=up|credit=risk_on
2021-03-24,flat,mid,up,risk_on,trend=flat|vol=mid|rates=up|credit=risk_on
2021-03-25,flat,mid,up,risk_on,trend=flat|vol=mid|rates=up|credit=risk_on
2021-03-26,up,mid,stable,risk_on,trend=up|vol=mid|rates=stable|credit=risk_on
2021-03-29,up,mid,up,risk_on,trend=up|vol=mid|rates=up|credit=risk_on
2021-03-30,flat,mid,up,risk_on,trend=flat|vol=mid|rates=up|credit=risk_on
2021-03-31,up,mid,up,risk_on,trend=up|vol=mid|rates=up|credit=risk_on
2021-04-01,up,mid,up,neutral,trend=up|vol=mid|rates=up|credit=neutral
2021-04-02,,,stable,,rates=stable
2021-04-05,up,mid,stable,neutral,trend=up|vol=mid|rates=stable|credit=neutral
2021-04-06,up,mid,stable,neutral,trend=up|vol=mid|rates=stable|credit=neutral
2021-04-07,up,mid,stable,neutral,trend=up|vol=mid|rates=stable|credit=neutral
2021-04-08,up,mid,stable,neutral,trend=up|vol=mid|rates=stable|credit=neutral
2021-04-09,up,mid,stable,neutral,trend=up|vol=mid|rates=stable|credit=neutral
2021-04-12,up,mid,stable,neutral,trend=up|vol=mid|rates=stable|credit=neutral
2021-04-13,up,mid,stable,risk_off,trend=up|vol=mid|rates=stable|credit=risk_off
2021-04-14,up,mid,stable,neutral,trend=up|vol=mid|rates=stable|credit=neutral
2021-04-15,up,mid,stable,neutral,trend=up|vol=mid|rates=stable|credit=neutral
2021-04-16,up,mid,stable,neutral,trend=up|vol=mid|rates=stable|credit=neutral
2021-04-19,up,mid,stable,neutral,trend=up|vol=mid|rates=stable|credit=neutral
2021-04-20,up,mid,stable,neutral,trend=up|vol=mid|rates=stable|credit=neutral
2021-04-21,up,mid,stable,neutral,trend=up|vol=mid|rates=stable|credit=neutral
2021-04-22,up,mid,stable,neutral,trend=up|vol=mid|rates=stable|credit=neutral
2021-04-23,up,mid,stable,neutral,trend=up|vol=mid|rates=stable|credit=neutral
2021-04-26,up,mid,stable,neutral,trend=up|vol=mid|rates=stable|credit=neutral
2021-04-27,up,mid,stable,neutral,trend=up|vol=mid|rates=stable|credit=neutral
2021-04-28,up,mid,stable,neutral,trend=up|vol=mid|rates=stable|credit=neutral
2021-04-29,up,mid,stable,neutral,trend=up|vol=mid|rates=stable|credit=neutral
2021-04-30,up,mid,stable,neutral,trend=up|vol=mid|rates=stable|credit=neutral
2021-05-03,up,mid,stable,neutral,trend=up|vol=mid|rates=stable|credit=neutral
2021-05-04,up,mid,stable,neutral,trend=up|vol=mid|rates=stable|credit=neutral
2021-05-05,up,mid,stable,neutral,trend=up|vol=mid|rates=stable|credit=neutral
2021-05-06,up,mid,stable,neutral,trend=up|vol=mid|rates=stable|credit=neutral
2021-05-07,up,mid,stable,neutral,trend=up|vol=mid|rates=stable|credit=neutral
2021-05-10,flat,mid,stable,neutral,trend=flat|vol=mid|rates=stable|credit=neutral
2021-05-11,flat,mid,stable,neutral,trend=flat|vol=mid|rates=stable|credit=neutral
2021-05-12,flat,high,stable,neutral,trend=flat|vol=high|rates=stable|credit=neutral
2021-05-13,flat,mid,stable,neutral,trend=flat|vol=mid|rates=stable|credit=neutral
2021-05-14,flat,mid,stable,neutral,trend=flat|vol=mid|rates=stable|credit=neutral
2021-05-17,flat,mid,stable,neutral,trend=flat|vol=mid|rates=stable|credit=neutral
2021-05-18,flat,mid,stable,neutral,trend=flat|vol=mid|rates=stable|credit=neutral
2021-05-19,flat,mid,stable,neutral,trend=flat|vol=mid|rates=stable|credit=neutral
2021-05-20,flat,mid,stable,neutral,trend=flat|vol=mid|rates=stable|credit=neutral
2021-05-21,flat,mid,stable,neutral,trend=flat|vol=mid|rates=stable|credit=neutral
2021-05-24,flat,mid,stable,neutral,trend=flat|vol=mid|rates=stable|credit=neutral
2021-05-25,flat,mid,stable,neutral,trend=flat|vol=mid|rates=stable|credit=neutral
2021-05-26,flat,mid,stable,neutral,trend=flat|vol=mid|rates=stable|credit=neutral
2021-05-27,flat,mid,stable,neutral,trend=flat|vol=mid|rates=stable|credit=neutral
2021-05-28,flat,mid,stable,neutral,trend=flat|vol=mid|rates=stable|credit=neutral
2021-06-01,flat,mid,stable,neutral,trend=flat|vol=mid|rates=stable|credit=neutral
2021-06-02,flat,mid,stable,neutral,trend=flat|vol=mid|rates=stable|credit=neutral
2021-06-03,flat,mid,stable,neutral,trend=flat|vol=mid|rates=stable|credit=neutral
2021-06-04,flat,mid,stable,neutral,trend=flat|vol=mid|rates=stable|credit=neutral
2021-06-07,flat,mid,stable,neutral,trend=flat|vol=mid|rates=stable|credit=neutral
2021-06-08,flat,mid,stable,neutral,trend=flat|vol=mid|rates=stable|credit=neutral
2021-06-09,flat,mid,stable,neutral,trend=flat|vol=mid|rates=stable|credit=neutral
2021-06-10,up,mid,stable,risk_off,trend=up|vol=mid|rates=stable|credit=risk_off
2021-06-11,up,low,down,risk_off,trend=up|vol=low|rates=down|credit=risk_off
2021-06-14,up,mid,stable,risk_off,trend=up|vol=mid|rates=stable|credit=risk_off
2021-06-15,flat,mid,stable,risk_off,trend=flat|vol=mid|rates=stable|credit=risk_off
2021-06-16,flat,mid,stable,neutral,trend=flat|vol=mid|rates=stable|credit=neutral
2021-06-17,up,mid,stable,risk_off,trend=up|vol=mid|rates=stable|credit=risk_off
2021-06-18,flat,mid,down,risk_off,trend=flat|vol=mid|rates=down|credit=risk_off
2021-06-21,flat,mid,stable,neutral,trend=flat|vol=mid|rates=stable|credit=neutral
2021-06-22,up,mid,stable,risk_off,trend=up|vol=mid|rates=stable|credit=risk_off
2021-06-23,flat,mid,stable,neutral,trend=flat|vol=mid|rates=stable|credit=neutral
2021-06-24,flat,low,stable,neutral,trend=flat|vol=low|rates=stable|credit=neutral
2021-06-25,up,low,stable,neutral,trend=up|vol=low|rates=stable|credit=neutral
2021-06-28,up,low,stable,neutral,trend=up|vol=low|rates=stable|credit=neutral
2021-06-29,up,mid,stable,neutral,trend=up|vol=mid|rates=stable|credit=neutral
2021-06-30,up,low,stable,risk_off,trend=up|vol=low|rates=stable|credit=risk_off
2021-07-01,up,low,stable,neutral,trend=up|vol=low|rates=stable|credit=neutral
2021-07-02,up,low,stable,risk_off,trend=up|vol=low|rates=stable|credit=risk_off
2021-07-06,up,mid,stable,risk_off,trend=up|vol=mid|rates=stable|credit=risk_off
2021-07-07,up,mid,down,risk_off,trend=up|vol=mid|rates=down|credit=risk_off
2021-07-08,up,mid,down,risk_off,trend=up|vol=mid|rates=down|credit=risk_off
2021-07-09,up,mid,stable,neutral,trend=up|vol=mid|rates=stable|credit=neutral
2021-07-12,up,mid,stable,neutral,trend=up|vol=mid|rates=stable|credit=neutral
2021-07-13,up,mid,stable,neutral,trend=up|vol=mid|rates=stable|credit=neutral
2021-07-14,up,mid,stable,neutral,trend=up|vol=mid|rates=stable|credit=neutral
2021-07-15,up,mid,stable,neutral,trend=up|vol=mid|rates=stable|credit=neutral
2021-07-16,up,mid,down,risk_off,trend=up|vol=mid|rates=down|credit=risk_off
2021-07-19,flat,mid,down,risk_off,trend=flat|vol=mid|rates=down|credit=risk_off
2021-07-20,up,mid,down,neutral,trend=up|vol=mid|rates=down|credit=neutral
2021-07-21,up,mid,stable,neutral,trend=up|vol=mid|rates=stable|credit=neutral
2021-07-22,up,mid,down,risk_off,trend=up|vol=mid|rates=down|credit=risk_off
2021-07-23,up,mid,stable,risk_off,trend=up|vol=mid|rates=stable|credit=risk_off
2021-07-26,up,mid,stable,risk_off,trend=up|vol=mid|rates=stable|credit=risk_off
2021-07-27,up,mid,down,risk_off,trend=up|vol=mid|rates=down|credit=risk_off
2021-07-28,up,mid,down,risk_off,trend=up|vol=mid|rates=down|credit=risk_off
2021-07-29,up,mid,down,risk_off,trend=up|vol=mid|rates=down|credit=risk_off
2021-07-30,up,mid,down,risk_off,trend=up|vol=mid|rates=down|credit=risk_off
2021-08-02,flat,mid,down,risk_off,trend=flat|vol=mid|rates=down|credit=risk_off
2021-08-03,flat,mid,down,risk_off,trend=flat|vol=mid|rates=down|credit=risk_off
2021-08-04,flat,mid,stable,risk_off,trend=flat|vol=mid|rates=stable|credit=risk_off
2021-08-05,flat,mid,stable,neutral,trend=flat|vol=mid|rates=stable|credit=neutral
2021-08-06,up,mid,stable,neutral,trend=up|vol=mid|rates=stable|credit=neutral
2021-08-09,flat,mid,stable,neutral,trend=flat|vol=mid|rates=stable|credit=neutral
2021-08-10,flat,mid,stable,neutral,trend=flat|vol=mid|rates=stable|credit=neutral
2021-08-11,flat,mid,stable,neutral,trend=flat|vol=mid|rates=stable|credit=neutral
2021-08-12,up,low,stable,neutral,trend=up|vol=low|rates=stable|credit=neutral
2021-08-13,up,low,stable,neutral,trend=up|vol=low|rates=stable|credit=neutral
2021-08-16,up,mid,stable,neutral,trend=up|vol=mid|rates=stable|credit=neutral
2021-08-17,up,mid,stable,risk_on,trend=up|vol=mid|rates=stable|credit=risk_on
2021-08-18,flat,mid,stable,neutral,trend=flat|vol=mid|rates=stable|credit=neutral
2021-08-19,flat,mid,stable,neutral,trend=flat|vol=mid|rates=stable|credit=neutral
2021-08-20,flat,mid,stable,neutral,trend=flat|vol=mid|rates=stable|credit=neutral
2021-08-23,flat,mid,stable,neutral,trend=flat|vol=mid|rates=stable|credit=neutral
2021-08-24,flat,mid,stable,neutral,trend=flat|vol=mid|rates=stable|credit=neutral
2021-08-25,up,mid,stable,risk_on,trend=up|vol=mid|rates=stable|credit=risk_on
2021-08-26,flat,mid,stable,risk_on,trend=flat|vol=mid|rates=stable|credit=risk_on
2021-08-27,up,mid,stable,neutral,trend=up|vol=mid|rates=stable|credit=neutral
2021-08-30,up,mid,stable,neutral,trend=up|vol=mid|rates=stable|credit=neutral
2021-08-31,up,mid,stable,risk_on,trend=up|vol=mid|rates=stable|credit=risk_on
2021-09-01,up,mid,stable,risk_on,trend=up|vol=mid|rates=stable|credit=risk_on
2021-09-02,up,mid,stable,risk_on,trend=up|vol=mid|rates=stable|credit=risk_on
2021-09-03,up,mid,stable,risk_on,trend=up|vol=mid|rates=stable|credit=risk_on
2021-09-07,up,mid,stable,neutral,trend=up|vol=mid|rates=stable|credit=neutral
2021-09-08,flat,mid,stable,neutral,trend=flat|vol=mid|rates=stable|credit=neutral
2021-09-09,flat,mid,stable,neutral,trend=flat|vol=mid|rates=stable|credit=neutral
2021-09-10,flat,mid,stable,neutral,trend=flat|vol=mid|rates=stable|credit=neutral
2021-09-13,flat,mid,stable,neutral,trend=flat|vol=mid|rates=stable|credit=neutral
2021-09-14,flat,mid,stable,neutral,trend=flat|vol=mid|rates=stable|credit=neutral
2021-09-15,flat,mid,stable,neutral,trend=flat|vol=mid|rates=stable|credit=neutral
2021-09-16,flat,mid,stable,neutral,trend=flat|vol=mid|rates=stable|credit=neutral
2021-09-17,flat,mid,stable,neutral,trend=flat|vol=mid|rates=stable|credit=neutral
2021-09-20,flat,high,stable,neutral,trend=flat|vol=high|rates=stable|credit=neutral
2021-09-21,flat,mid,stable,neutral,trend=flat|vol=mid|rates=stable|credit=neutral
2021-09-22,flat,mid,stable,neutral,trend=flat|vol=mid|rates=stable|credit=neutral
2021-09-23,flat,mid,stable,neutral,trend=flat|vol=mid|rates=stable|credit=neutral
2021-09-24,flat,mid,stable,neutral,trend=flat|vol=mid|rates=stable|credit=neutral
2021-09-27,flat,mid,stable,neutral,trend=flat|vol=mid|rates=stable|credit=neutral
2021-09-28,down,mid,up,risk_on,trend=down|vol=mid|rates=up|credit=risk_on
2021-09-29,down,mid,up,risk_on,trend=down|vol=mid|rates=up|credit=risk_on
2021-09-30,down,mid,up,risk_on,trend=down|vol=mid|rates=up|credit=risk_on
2021-10-01,down,mid,stable,neutral,trend=down|vol=mid|rates=stable|credit=neutral
2021-10-04,down,mid,stable,neutral,trend=down|vol=mid|rates=stable|credit=neutral
2021-10-05,down,mid,up,neutral,trend=down|vol=mid|rates=up|credit=neutral
2021-10-06,down,mid,stable,neutral,trend=down|vol=mid|rates=stable|credit=neutral
2021-10-07,down,mid,up,neutral,trend=down|vol=mid|rates=up|credit=neutral
2021-10-08,down,mid,up,risk_on,trend=down|vol=mid|rates=up|credit=risk_on
2021-10-11,down,mid,,risk_on,trend=down|vol=mid|credit=risk_on
2021-10-12,down,mid,up,neutral,trend=down|vol=mid|rates=up|credit=neutral
2021-10-13,flat,mid,up,risk_on,trend=flat|vol=mid|rates=up|credit=risk_on
2021-10-14,flat,mid,up,neutral,trend=flat|vol=mid|rates=up|credit=neutral
2021-10-15,flat,mid,up,neutral,trend=flat|vol=mid|rates=up|credit=neutral
2021-10-18,flat,mid,up,neutral,trend=flat|vol=mid|rates=up|credit=neutral
2021-10-19,up,low,up,risk_on,trend=up|vol=low|rates=up|credit=risk_on
2021-10-20,up,low,up,risk_on,trend=up|vol=low|rates=up|credit=risk_on
2021-10-21,up,low,up,risk_on,trend=up|vol=low|rates=up|credit=risk_on
2021-10-22,up,low,up,neutral,trend=up|vol=low|rates=up|credit=neutral
2021-10-25,up,low,up,risk_on,trend=up|vol=low|rates=up|credit=risk_on
2021-10-26,up,low,stable,neutral,trend=up|vol=low|rates=stable|credit=neutral
2021-10-27,up,mid,stable,neutral,trend=up|vol=mid|rates=stable|credit=neutral
2021-10-28,up,mid,stable,neutral,trend=up|vol=mid|rates=stable|credit=neutral
2021-10-29,up,mid,stable,neutral,trend=up|vol=mid|rates=stable|credit=neutral
2021-11-01,up,mid,stable,neutral,trend=up|vol=mid|rates=stable|credit=neutral
2021-11-02,up,mid,stable,neutral,trend=up|vol=mid|rates=stable|credit=neutral
2021-11-03,up,low,stable,neutral,trend=up|vol=low|rates=stable|credit=neutral
2021-11-04,up,low,stable,neutral,trend=up|vol=low|rates=stable|credit=neutral
2021-11-05,up,mid,stable,risk_off,trend=up|vol=mid|rates=stable|credit=risk_off
2021-11-08,up,mid,stable,risk_off,trend=up|vol=mid|rates=stable|credit=risk_off
2021-11-09,up,mid,stable,risk_off,trend=up|vol=mid|rates=stable|credit=risk_off
2021-11-10,up,mid,stable,neutral,trend=up|vol=mid|rates=stable|credit=neutral
2021-11-11,up,mid,,neutral,trend=up|vol=mid|credit=neutral
2021-11-12,up,mid,stable,neutral,trend=up|vol=mid|rates=stable|credit=neutral
2021-11-15,up,mid,stable,neutral,trend=up|vol=mid|rates=stable|credit=neutral
2021-11-16,up,mid,stable,neutral,trend=up|vol=mid|rates=stable|credit=neutral
2021-11-17,up,mid,stable,neutral,trend=up|vol=mid|rates=stable|credit=neutral
2021-11-18,up,mid,stable,risk_off,trend=up|vol=mid|rates=stable|credit=risk_off
2021-11-19,up,mid,stable,risk_off,trend=up|vol=mid|rates=stable|credit=risk_off
2021-11-22,up,mid,stable,neutral,trend=up|vol=mid|rates=stable|credit=neutral
2021-11-23,up,mid,stable,neutral,trend=up|vol=mid|rates=stable|credit=neutral
2021-11-24,up,mid,stable,neutral,trend=up|vol=mid|rates=stable|credit=neutral
2021-11-26,flat,high,stable,neutral,trend=flat|vol=high|rates=stable|credit=neutral
2021-11-29,flat,mid,stable,neutral,trend=flat|vol=mid|rates=stable|credit=neutral
2021-11-30,flat,high,stable,risk_off,trend=flat|vol=high|rates=stable|credit=risk_off
2021-12-01,down,high,stable,risk_off,trend=down|vol=high|rates=stable|credit=risk_off
2021-12-02,flat,high,stable,neutral,trend=flat|vol=high|rates=stable|credit=neutral
2021-12-03,down,high,down,risk_off,trend=down|vol=high|rates=down|credit=risk_off
2021-12-06,flat,high,stable,neutral,trend=flat|vol=high|rates=stable|credit=neutral
2021-12-07,flat,mid,stable,neutral,trend=flat|vol=mid|rates=stable|credit=neutral
2021-12-08,flat,mid,stable,neutral,trend=flat|vol=mid|rates=stable|credit=neutral
2021-12-09,flat,mid,stable,neutral,trend=flat|vol=mid|rates=stable|credit=neutral
2021-12-10,flat,mid,stable,neutral,trend=flat|vol=mid|rates=stable|credit=neutral
2021-12-13,flat,mid,stable,neutral,trend=flat|vol=mid|rates=stable|credit=neutral
2021-12-14,flat,mid,stable,neutral,trend=flat|vol=mid|rates=stable|credit=neutral
2021-12-15,flat,mid,stable,neutral,trend=flat|vol=mid|rates=stable|credit=neutral
2021-12-16,flat,mid,stable,neutral,trend=flat|vol=mid|rates=stable|credit=neutral
2021-12-17,flat,mid,stable,neutral,trend=flat|vol=mid|rates=stable|credit=neutral
2021-12-20,down,mid,stable,neutral,trend=down|vol=mid|rates=stable|credit=neutral
2021-12-21,flat,mid,stable,neutral,trend=flat|vol=mid|rates=stable|credit=neutral
2021-12-22,flat,mid,stable,neutral,trend=flat|vol=mid|rates=stable|credit=neutral
2021-12-23,flat,mid,stable,neutral,trend=flat|vol=mid|rates=stable|credit=neutral
2021-12-27,up,mid,stable,neutral,trend=up|vol=mid|rates=stable|credit=neutral
2021-12-28,up,mid,stable,risk_on,trend=up|vol=mid|rates=stable|credit=risk_on
2021-12-29,up,mid,stable,risk_on,trend=up|vol=mid|rates=stable|credit=risk_on
2021-12-30,up,mid,stable,risk_on,trend=up|vol=mid|rates=stable|credit=risk_on
2021-12-31,up,mid,stable,risk_on,trend=up|vol=mid|rates=stable|credit=risk_on
2022-01-03,up,mid,stable,risk_on,trend=up|vol=mid|rates=stable|credit=risk_on
2022-01-04,up,mid,up,risk_on,trend=up|vol=mid|rates=up|credit=risk_on
2022-01-05,up,mid,up,risk_on,trend=up|vol=mid|rates=up|credit=risk_on
2022-01-06,flat,mid,up,risk_on,trend=flat|vol=mid|rates=up|credit=risk_on
2022-01-07,flat,mid,up,risk_on,trend=flat|vol=mid|rates=up|credit=risk_on
2022-01-10,flat,mid,up,risk_on,trend=flat|vol=mid|rates=up|credit=risk_on
2022-01-11,flat,mid,up,risk_on,trend=flat|vol=mid|rates=up|credit=risk_on
2022-01-12,flat,mid,up,risk_on,trend=flat|vol=mid|rates=up|credit=risk_on
2022-01-13,flat,mid,up,risk_on,trend=flat|vol=mid|rates=up|credit=risk_on
2022-01-14,flat,mid,up,risk_on,trend=flat|vol=mid|rates=up|credit=risk_on
2022-01-18,flat,mid,up,risk_on,trend=flat|vol=mid|rates=up|credit=risk_on
2022-01-19,flat,mid,up,risk_on,trend=flat|vol=mid|rates=up|credit=risk_on
2022-01-20,flat,high,up,risk_on,trend=flat|vol=high|rates=up|credit=risk_on
2022-01-21,down,high,up,risk_on,trend=down|vol=high|rates=up|credit=risk_on
2022-01-24,down,high,up,risk_on,trend=down|vol=high|rates=up|credit=risk_on
2022-01-25,down,high,up,risk_on,trend=down|vol=high|rates=up|credit=risk_on
2022-01-26,down,high,up,risk_on,trend=down|vol=high|rates=up|credit=risk_on
2022-01-27,down,high,up,neutral,trend=down|vol=high|rates=up|credit=neutral
2022-01-28,down,high,up,neutral,trend=down|vol=high|rates=up|credit=neutral
2022-01-31,down,mid,up,risk_on,trend=down|vol=mid|rates=up|credit=risk_on
2022-02-01,down,mid,up,risk_on,trend=down|vol=mid|rates=up|credit=risk_on
2022-02-02,down,mid,stable,neutral,trend=down|vol=mid|rates=stable|credit=neutral
2022-02-03,down,mid,stable,neutral,trend=down|vol=mid|rates=stable|credit=neutral
2022-02-04,down,mid,up,risk_on,trend=down|vol=mid|rates=up|credit=risk_on
2022-02-07,down,mid,stable,neutral,trend=down|vol=mid|rates=stable|credit=neutral
2022-02-08,down,mid,stable,risk_on,trend=down|vol=mid|rates=stable|credit=risk_on
2022-02-09,flat,mid,stable,risk_on,trend=flat|vol=mid|rates=stable|credit=risk_on
2022-02-10,down,mid,up,neutral,trend=down|vol=mid|rates=up|credit=neutral
2022-02-11,down,high,stable,neutral,trend=down|vol=high|rates=stable|credit=neutral
2022-02-14,down,high,up,risk_on,trend=down|vol=high|rates=up|credit=risk_on
2022-02-15,down,high,up,neutral,trend=down|vol=high|rates=up|credit=neutral
2022-02-16,down,mid,stable,neutral,trend=down|vol=mid|rates=stable|credit=neutral
2022-02-17,down,high,stable,neutral,trend=down|vol=high|rates=stable|credit=neutral
2022-02-18,down,high,stable,neutral,trend=down|vol=high|rates=stable|credit=neutral
2022-02-22,flat,high,stable,risk_on,trend=flat|vol=high|rates=stable|credit=risk_on
2022-02-23,down,high,up,risk_on,trend=down|vol=high|rates=up|credit=risk_on
2022-02-24,flat,high,stable,risk_on,trend=flat|vol=high|rates=stable|credit=risk_on
2022-02-25,flat,high,stable,risk_on,trend=flat|vol=high|rates=stable|credit=risk_on
2022-02-28,flat,high,stable,risk_on,trend=flat|vol=high|rates=stable|credit=risk_on
2022-03-01,down,high,stable,neutral,trend=down|vol=high|rates=stable|credit=neutral
2022-03-02,down,high,stable,risk_on,trend=down|vol=high|rates=stable|credit=risk_on
2022-03-03,down,high,stable,risk_on,trend=down|vol=high|rates=stable|credit=risk_on
2022-03-04,down,high,stable,neutral,trend=down|vol=high|rates=stable|credit=neutral
2022-03-07,down,high,stable,risk_on,trend=down|vol=high|rates=stable|credit=risk_on
2022-03-08,down,high,stable,neutral,trend=down|vol=high|rates=stable|credit=neutral
2022-03-09,down,high,stable,risk_on,trend=down|vol=high|rates=stable|credit=risk_on
2022-03-10,down,high,stable,risk_on,trend=down|vol=high|rates=stable|credit=risk_on
2022-03-11,down,high,stable,neutral,trend=down|vol=high|rates=stable|credit=neutral
2022-03-14,down,high,stable,risk_on,trend=down|vol=high|rates=stable|credit=risk_on
2022-03-15,down,high,up,risk_on,trend=down|vol=high|rates=up|credit=risk_on
2022-03-16,flat,high,up,risk_on,trend=flat|vol=high|rates=up|credit=risk_on
2022-03-17,flat,high,stable,neutral,trend=flat|vol=high|rates=stable|credit=neutral
2022-03-18,flat,mid,stable,neutral,trend=flat|vol=mid|rates=stable|credit=neutral
2022-03-21,flat,mid,up,risk_on,trend=flat|vol=mid|rates=up|credit=risk_on
2022-03-22,up,mid,up,risk_on,trend=up|vol=mid|rates=up|credit=risk_on
2022-03-23,up,mid,up,risk_on,trend=up|vol=mid|rates=up|credit=risk_on
2022-03-24,up,mid,up,risk_on,trend=up|vol=mid|rates=up|credit=risk_on
2022-03-25,up,mid,up,risk_on,trend=up|vol=mid|rates=up|credit=risk_on
2022-03-28,up,mid,up,neutral,trend=up|vol=mid|rates=up|credit=neutral
2022-03-29,up,mid,up,risk_on,trend=up|vol=mid|rates=up|credit=risk_on
2022-03-30,up,mid,up,risk_on,trend=up|vol=mid|rates=up|credit=risk_on
2022-03-31,up,mid,up,neutral,trend=up|vol=mid|rates=up|credit=neutral
2022-04-01,up,mid,up,neutral,trend=up|vol=mid|rates=up|credit=neutral
2022-04-04,up,mid,up,risk_on,trend=up|vol=mid|rates=up|credit=risk_on
2022-04-05,up,mid,up,risk_on,trend=up|vol=mid|rates=up|credit=risk_on
2022-04-06,up,mid,up,risk_on,trend=up|vol=mid|rates=up|credit=risk_on
2022-04-07,up,mid,up,risk_on,trend=up|vol=mid|rates=up|credit=risk_on
2022-04-08,up,mid,up,risk_on,trend=up|vol=mid|rates=up|credit=risk_on
2022-04-11,up,mid,up,risk_on,trend=up|vol=mid|rates=up|credit=risk_on
2022-04-12,up,mid,up,risk_on,trend=up|vol=mid|rates=up|credit=risk_on
2022-04-13,up,mid,up,risk_on,trend=up|vol=mid|rates=up|credit=risk_on
2022-04-14,flat,mid,up,risk_on,trend=flat|vol=mid|rates=up|credit=risk_on
2022-04-18,flat,mid,up,risk_on,trend=flat|vol=mid|rates=up|credit=risk_on
2022-04-19,flat,mid,up,risk_on,trend=flat|vol=mid|rates=up|credit=risk_on
2022-04-20,flat,mid,up,risk_on,trend=flat|vol=mid|rates=up|credit=risk_on
2022-04-21,down,mid,up,risk_on,trend=down|vol=mid|rates=up|credit=risk_on
2022-04-22,down,high,up,risk_on,trend=down|vol=high|rates=up|credit=risk_on
2022-04-25,down,high,up,risk_on,trend=down|vol=high|rates=up|credit=risk_on
2022-04-26,down,high,up,risk_on,trend=down|vol=high|rates=up|credit=risk_on
2022-04-27,down,high,up,risk_on,trend=down|vol=high|rates=up|credit=risk_on
2022-04-28,down,high,up,risk_on,trend=down|vol=high|rates=up|credit=risk_on
2022-04-29,down,high,up,risk_on,trend=down|vol=high|rates=up|credit=risk_on
2022-05-02,down,high,up,risk_on,trend=down|vol=high|rates=up|credit=risk_on
2022-05-03,down,high,up,risk_on,trend=down|vol=high|rates=up|credit=risk_on
2022-05-04,down,high,up,risk_on,trend=down|vol=high|rates=up|credit=risk_on
2022-05-05,down,high,up,risk_on,trend=down|vol=high|rates=up|credit=risk_on
2022-05-06,down,high,up,risk_on,trend=down|vol=high|rates=up|credit=risk_on
2022-05-09,down,high,up,risk_on,trend=down|vol=high|rates=up|credit=risk_on
2022-05-10,down,high,up,risk_on,trend=down|vol=high|rates=up|credit=risk_on
2022-05-11,down,high,stable,neutral,trend=down|vol=high|rates=stable|credit=neutral
2022-05-12,down,high,stable,neutral,trend=down|vol=high|rates=stable|credit=neutral
2022-05-13,down,high,up,neutral,trend=down|vol=high|rates=up|credit=neutral
2022-05-16,down,high,stable,risk_off,trend=down|vol=high|rates=stable|credit=risk_off
2022-05-17,down,high,stable,risk_off,trend=down|vol=high|rates=stable|credit=risk_off
2022-05-18,down,high,stable,risk_off,trend=down|vol=high|rates=stable|credit=risk_off
2022-05-19,down,high,stable,risk_off,trend=down|vol=high|rates=stable|credit=risk_off
2022-05-20,down,high,stable,risk_off,trend=down|vol=high|rates=stable|credit=risk_off
2022-05-23,down,high,stable,risk_off,trend=down|vol=high|rates=stable|credit=risk_off
2022-05-24,down,high,stable,risk_off,trend=down|vol=high|rates=stable|credit=risk_off
2022-05-25,down,high,stable,risk_off,trend=down|vol=high|rates=stable|credit=risk_off
2022-05-26,down,high,stable,neutral,trend=down|vol=high|rates=stable|credit=neutral
2022-05-27,down,high,stable,neutral,trend=down|vol=high|rates=stable|credit=neutral
2022-05-31,flat,high,stable,neutral,trend=flat|vol=high|rates=stable|credit=neutral
2022-06-01,flat,high,stable,neutral,trend=flat|vol=high|rates=stable|credit=neutral
2022-06-02,flat,mid,stable,neutral,trend=flat|vol=mid|rates=stable|credit=neutral
2022-06-03,down,mid,stable,neutral,trend=down|vol=mid|rates=stable|credit=neutral
2022-06-06,flat,high,stable,neutral,trend=flat|vol=high|rates=stable|credit=neutral
2022-06-07,flat,mid,stable,neutral,trend=flat|vol=mid|rates=stable|credit=neutral
2022-06-08,up,mid,stable,neutral,trend=up|vol=mid|rates=stable|credit=neutral
2022-06-09,flat,high,stable,neutral,trend=flat|vol=high|rates=stable|credit=neutral
2022-06-10,flat,high,up,neutral,trend=flat|vol=high|rates=up|credit=neutral
2022-06-13,down,high,up,neutral,trend=down|vol=high|rates=up|credit=neutral
2022-06-14,down,high,up,neutral,trend=down|vol=high|rates=up|credit=neutral
2022-06-15,down,high,up,neutral,trend=down|vol=high|rates=up|credit=neutral
2022-06-16,down,high,up,risk_off,trend=down|vol=high|rates=up|credit=risk_off
2022-06-17,down,high,up,neutral,trend=down|vol=high|rates=up|credit=neutral
2022-06-21,down,high,up,neutral,trend=down|vol=high|rates=up|credit=neutral
2022-06-22,down,high,up,neutral,trend=down|vol=high|rates=up|credit=neutral
2022-06-23,down,high,up,neutral,trend=down|vol=high|rates=up|credit=neutral
2022-06-24,flat,high,up,neutral,trend=flat|vol=high|rates=up|credit=neutral
2022-06-27,flat,high,up,neutral,trend=flat|vol=high|rates=up|credit=neutral
2022-06-28,down,high,up,risk_off,trend=down|vol=high|rates=up|credit=risk_off
2022-06-29,down,high,up,risk_off,trend=down|vol=high|rates=up|credit=risk_off
2022-06-30,down,high,stable,risk_off,trend=down|vol=high|rates=stable|credit=risk_off
2022-07-01,down,high,stable,risk_off,trend=down|vol=high|rates=stable|credit=risk_off
2022-07-05,down,high,stable,risk_off,trend=down|vol=high|rates=stable|credit=risk_off
2022-07-06,down,high,stable,risk_off,trend=down|vol=high|rates=stable|credit=risk_off
2022-07-07,down,high,stable,risk_off,trend=down|vol=high|rates=stable|credit=risk_off
2022-07-08,down,mid,stable,risk_off,trend=down|vol=mid|rates=stable|credit=risk_off
2022-07-11,down,high,stable,risk_off,trend=down|vol=high|rates=stable|credit=risk_off
2022-07-12,down,high,stable,risk_off,trend=down|vol=high|rates=stable|credit=risk_off
2022-07-13,down,high,down,risk_off,trend=down|vol=high|rates=down|credit=risk_off
2022-07-14,flat,high,down,neutral,trend=flat|vol=high|rates=down|credit=neutral
2022-07-15,up,mid,down,risk_off,trend=up|vol=mid|rates=down|credit=risk_off
2022-07-18,flat,high,down,risk_off,trend=flat|vol=high|rates=down|credit=risk_off
2022-07-19,up,mid,down,neutral,trend=up|vol=mid|rates=down|credit=neutral
2022-07-20,up,mid,down,risk_on,trend=up|vol=mid|rates=down|credit=risk_on
2022-07-21,up,mid,down,neutral,trend=up|vol=mid|rates=down|credit=neutral
2022-07-22,up,mid,down,neutral,trend=up|vol=mid|rates=down|credit=neutral
2022-07-25,up,mid,down,neutral,trend=up|vol=mid|rates=down|credit=neutral
2022-07-26,flat,mid,down,neutral,trend=flat|vol=mid|rates=down|credit=neutral
2022-07-27,up,mid,down,neutral,trend=up|vol=mid|rates=down|credit=neutral
2022-07-28,up,mid,down,neutral,trend=up|vol=mid|rates=down|credit=neutral
2022-07-29,up,mid,down,risk_on,trend=up|vol=mid|rates=down|credit=risk_on
2022-08-01,up,mid,down,risk_on,trend=up|vol=mid|rates=down|credit=risk_on
2022-08-02,up,mid,stable,risk_on,trend=up|vol=mid|rates=stable|credit=risk_on
2022-08-03,up,mid,stable,risk_on,trend=up|vol=mid|rates=stable|credit=risk_on
2022-08-04,up,mid,down,risk_on,trend=up|vol=mid|rates=down|credit=risk_on
2022-08-05,up,mid,stable,risk_on,trend=up|vol=mid|rates=stable|credit=risk_on
2022-08-08,up,mid,down,risk_on,trend=up|vol=mid|rates=down|credit=risk_on
2022-08-09,up,mid,stable,risk_on,trend=up|vol=mid|rates=stable|credit=risk_on
2022-08-10,up,mid,stable,risk_on,trend=up|vol=mid|rates=stable|credit=risk_on
2022-08-11,up,mid,stable,risk_on,trend=up|vol=mid|rates=stable|credit=risk_on
2022-08-12,up,mid,stable,risk_on,trend=up|vol=mid|rates=stable|credit=risk_on
2022-08-15,up,mid,stable,risk_on,trend=up|vol=mid|rates=stable|credit=risk_on
2022-08-16,up,mid,stable,risk_on,trend=up|vol=mid|rates=stable|credit=risk_on
2022-08-17,up,mid,stable,risk_on,trend=up|vol=mid|rates=stable|credit=risk_on
2022-08-18,up,mid,stable,neutral,trend=up|vol=mid|rates=stable|credit=neutral
2022-08-19,up,mid,stable,risk_on,trend=up|vol=mid|rates=stable|credit=risk_on
2022-08-22,up,mid,up,risk_on,trend=up|vol=mid|rates=up|credit=risk_on
2022-08-23,up,mid,up,neutral,trend=up|vol=mid|rates=up|credit=neutral
2022-08-24,up,mid,up,risk_on,trend=up|vol=mid|rates=up|credit=risk_on
2022-08-25,up,mid,up,risk_on,trend=up|vol=mid|rates=up|credit=risk_on
2022-08-26,flat,high,up,neutral,trend=flat|vol=high|rates=up|credit=neutral
2022-08-29,down,high,up,neutral,trend=down|vol=high|rates=up|credit=neutral
2022-08-30,down,high,up,neutral,trend=down|vol=high|rates=up|credit=neutral
2022-08-31,down,high,up,neutral,trend=down|vol=high|rates=up|credit=neutral
2022-09-01,down,high,up,neutral,trend=down|vol=high|rates=up|credit=neutral
2022-09-02,down,high,up,neutral,trend=down|vol=high|rates=up|credit=neutral
2022-09-06,down,high,up,neutral,trend=down|vol=high|rates=up|credit=neutral
2022-09-07,down,mid,up,neutral,trend=down|vol=mid|rates=up|credit=neutral
2022-09-08,down,mid,up,risk_on,trend=down|vol=mid|rates=up|credit=risk_on
2022-09-09,down,mid,up,risk_on,trend=down|vol=mid|rates=up|credit=risk_on
2022-09-12,down,mid,up,risk_on,trend=down|vol=mid|rates=up|credit=risk_on
2022-09-13,down,high,up,neutral,trend=down|vol=high|rates=up|credit=neutral
2022-09-14,down,high,up,neutral,trend=down|vol=high|rates=up|credit=neutral
2022-09-15,down,high,up,neutral,trend=down|vol=high|rates=up|credit=neutral
2022-09-16,down,high,up,neutral,trend=down|vol=high|rates=up|credit=neutral
2022-09-19,down,high,up,risk_on,trend=down|vol=high|rates=up|credit=risk_on
2022-09-20,down,high,up,neutral,trend=down|vol=high|rates=up|credit=neutral
2022-09-21,down,high,up,neutral,trend=down|vol=high|rates=up|credit=neutral
2022-09-22,down,high,up,risk_on,trend=down|vol=high|rates=up|credit=risk_on
2022-09-23,down,high,up,neutral,trend=down|vol=high|rates=up|credit=neutral
2022-09-26,down,high,up,neutral,trend=down|vol=high|rates=up|credit=neutral
2022-09-27,down,high,up,risk_on,trend=down|vol=high|rates=up|credit=risk_on
2022-09-28,down,high,up,risk_on,trend=down|vol=high|rates=up|credit=risk_on
2022-09-29,down,high,up,risk_on,trend=down|vol=high|rates=up|credit=risk_on
2022-09-30,down,high,up,risk_on,trend=down|vol=high|rates=up|credit=risk_on
2022-10-03,down,high,up,neutral,trend=down|vol=high|rates=up|credit=neutral
2022-10-04,down,high,up,risk_on,trend=down|vol=high|rates=up|credit=risk_on
2022-10-05,down,high,up,risk_on,trend=down|vol=high|rates=up|credit=risk_on
2022-10-06,down,high,up,risk_on,trend=down|vol=high|rates=up|credit=risk_on
2022-10-07,down,high,up,neutral,trend=down|vol=high|rates=up|credit=neutral
2022-10-10,down,high,,neutral,trend=down|vol=high|credit=neutral
2022-10-11,down,high,up,neutral,trend=down|vol=high|rates=up|credit=neutral
2022-10-12,down,high,up,risk_on,trend=down|vol=high|rates=up|credit=risk_on
2022-10-13,down,high,up,risk_on,trend=down|vol=high|rates=up|credit=risk_on
2022-10-14,down,high,up,risk_on,trend=down|vol=high|rates=up|credit=risk_on
2022-10-17,down,high,up,risk_on,trend=down|vol=high|rates=up|credit=risk_on
2022-10-18,down,high,up,risk_on,trend=down|vol=high|rates=up|credit=risk_on
2022-10-19,down,high,up,risk_on,trend=down|vol=high|rates=up|credit=risk_on
2022-10-20,down,high,up,risk_on,trend=down|vol=high|rates=up|credit=risk_on
2022-10-21,flat,high,up,risk_on,trend=flat|vol=high|rates=up|credit=risk_on
2022-10-24,up,high,up,risk_on,trend=up|vol=high|rates=up|credit=risk_on
2022-10-25,up,high,up,risk_on,trend=up|vol=high|rates=up|credit=risk_on
2022-10-26,up,high,stable,risk_on,trend=up|vol=high|rates=stable|credit=risk_on
2022-10-27,up,high,stable,risk_on,trend=up|vol=high|rates=stable|credit=risk_on
2022-10-28,up,high,up,risk_on,trend=up|vol=high|rates=up|credit=risk_on
2022-10-31,up,high,up,risk_on,trend=up|vol=high|rates=up|credit=risk_on
2022-11-01,up,high,up,risk_on,trend=up|vol=high|rates=up|credit=risk_on
2022-11-02,flat,high,up,risk_on,trend=flat|vol=high|rates=up|credit=risk_on
2022-11-03,flat,high,up,risk_on,trend=flat|vol=high|rates=up|credit=risk_on
2022-11-04,flat,mid,up,risk_on,trend=flat|vol=mid|rates=up|credit=risk_on
2022-11-07,up,mid,up,risk_on,trend=up|vol=mid|rates=up|credit=risk_on
2022-11-08,up,high,up,risk_on,trend=up|vol=high|rates=up|credit=risk_on
2022-11-09,up,high,stable,risk_on,trend=up|vol=high|rates=stable|credit=risk_on
2022-11-10,up,mid,stable,neutral,trend=up|vol=mid|rates=stable|credit=neutral
2022-11-11,up,mid,,neutral,trend=up|vol=mid|credit=neutral
2022-11-14,up,mid,stable,neutral,trend=up|vol=mid|rates=stable|credit=neutral
2022-11-15,up,mid,down,risk_off,trend=up|vol=mid|rates=down|credit=risk_off
2022-11-16,up,mid,down,risk_off,trend=up|vol=mid|rates=down|credit=risk_off
2022-11-17,up,mid,down,risk_off,trend=up|vol=mid|rates=down|credit=risk_off
2022-11-18,up,mid,down,risk_off,trend=up|vol=mid|rates=down|credit=risk_off
2022-11-21,up,mid,down,risk_off,trend=up|vol=mid|rates=down|credit=risk_off
2022-11-22,up,mid,down,risk_off,trend=up|vol=mid|rates=down|credit=risk_off
2022-11-23,up,mid,down,risk_off,trend=up|vol=mid|rates=down|credit=risk_off
2022-11-25,up,mid,down,risk_off,trend=up|vol=mid|rates=down|credit=risk_off
2022-11-28,up,mid,down,risk_off,trend=up|vol=mid|rates=down|credit=risk_off
2022-11-29,flat,mid,down,risk_off,trend=flat|vol=mid|rates=down|credit=risk_off
2022-11-30,up,mid,down,risk_off,trend=up|vol=mid|rates=down|credit=risk_off
2022-12-01,up,mid,down,risk_off,trend=up|vol=mid|rates=down|credit=risk_off
2022-12-02,up,mid,down,risk_off,trend=up|vol=mid|rates=down|credit=risk_off
2022-12-05,up,mid,down,risk_off,trend=up|vol=mid|rates=down|credit=risk_off
2022-12-06,up,mid,down,risk_off,trend=up|vol=mid|rates=down|credit=risk_off
2022-12-07,up,mid,down,risk_off,trend=up|vol=mid|rates=down|credit=risk_off
2022-12-08,up,mid,down,risk_off,trend=up|vol=mid|rates=down|credit=risk_off
2022-12-09,up,mid,down,risk_off,trend=up|vol=mid|rates=down|credit=risk_off
2022-12-12,flat,mid,down,risk_off,trend=flat|vol=mid|rates=down|credit=risk_off
2022-12-13,flat,mid,down,risk_off,trend=flat|vol=mid|rates=down|credit=risk_off
2022-12-14,flat,mid,down,risk_off,trend=flat|vol=mid|rates=down|credit=risk_off
2022-12-15,down,mid,down,risk_off,trend=down|vol=mid|rates=down|credit=risk_off
2022-12-16,down,mid,stable,risk_off,trend=down|vol=mid|rates=stable|credit=risk_off
2022-12-19,down,mid,down,risk_off,trend=down|vol=mid|rates=down|credit=risk_off
2022-12-20,down,mid,stable,neutral,trend=down|vol=mid|rates=stable|credit=neutral
2022-12-21,flat,mid,stable,neutral,trend=flat|vol=mid|rates=stable|credit=neutral
2022-12-22,down,mid,stable,risk_off,trend=down|vol=mid|rates=stable|credit=risk_off
2022-12-23,down,mid,stable,neutral,trend=down|vol=mid|rates=stable|credit=neutral
2022-12-27,down,mid,stable,neutral,trend=down|vol=mid|rates=stable|credit=neutral
2022-12-28,down,mid,stable,neutral,trend=down|vol=mid|rates=stable|credit=neutral
2022-12-29,down,mid,stable,neutral,trend=down|vol=mid|rates=stable|credit=neutral
2022-12-30,down,mid,stable,neutral,trend=down|vol=mid|rates=stable|credit=neutral
2023-01-03,down,mid,up,neutral,trend=down|vol=mid|rates=up|credit=neutral
2023-01-04,down,mid,stable,risk_on,trend=down|vol=mid|rates=stable|credit=risk_on
2023-01-05,down,mid,stable,risk_on,trend=down|vol=mid|rates=stable|credit=risk_on
2023-01-06,flat,mid,stable,risk_on,trend=flat|vol=mid|rates=stable|credit=risk_on
2023-01-09,flat,mid,stable,risk_on,trend=flat|vol=mid|rates=stable|credit=risk_on
2023-01-10,flat,mid,stable,risk_on,trend=flat|vol=mid|rates=stable|credit=risk_on
2023-01-11,flat,mid,stable,risk_on,trend=flat|vol=mid|rates=stable|credit=risk_on
2023-01-12,flat,mid,stable,neutral,trend=flat|vol=mid|rates=stable|credit=neutral
2023-01-13,flat,mid,stable,neutral,trend=flat|vol=mid|rates=stable|credit=neutral
2023-01-17,flat,mid,stable,neutral,trend=flat|vol=mid|rates=stable|credit=neutral
2023-01-18,flat,mid,stable,neutral,trend=flat|vol=mid|rates=stable|credit=neutral
2023-01-19,flat,mid,stable,neutral,trend=flat|vol=mid|rates=stable|credit=neutral
2023-01-20,up,mid,stable,neutral,trend=up|vol=mid|rates=stable|credit=neutral
2023-01-23,up,mid,stable,neutral,trend=up|vol=mid|rates=stable|credit=neutral
2023-01-24,up,mid,down,risk_off,trend=up|vol=mid|rates=down|credit=risk_off
2023-01-25,up,mid,down,neutral,trend=up|vol=mid|rates=down|credit=neutral
2023-01-26,up,mid,down,neutral,trend=up|vol=mid|rates=down|credit=neutral
2023-01-27,up,mid,down,risk_off,trend=up|vol=mid|rates=down|credit=risk_off
2023-01-30,up,mid,down,neutral,trend=up|vol=mid|rates=down|credit=neutral
2023-01-31,up,mid,down,neutral,trend=up|vol=mid|rates=down|credit=neutral
2023-02-01,up,mid,down,risk_off,trend=up|vol=mid|rates=down|credit=risk_off
2023-02-02,up,mid,down,neutral,trend=up|vol=mid|rates=down|credit=neutral
2023-02-03,up,mid,stable,neutral,trend=up|vol=mid|rates=stable|credit=neutral
2023-02-06,up,mid,stable,neutral,trend=up|vol=mid|rates=stable|credit=neutral
2023-02-07,up,mid,stable,neutral,trend=up|vol=mid|rates=stable|credit=neutral
2023-02-08,up,mid,stable,neutral,trend=up|vol=mid|rates=stable|credit=neutral
2023-02-09,up,mid,stable,neutral,trend=up|vol=mid|rates=stable|credit=neutral
2023-02-10,up,mid,up,neutral,trend=up|vol=mid|rates=up|credit=neutral
2023-02-13,up,mid,up,neutral,trend=up|vol=mid|rates=up|credit=neutral
2023-02-14,up,mid,up,neutral,trend=up|vol=mid|rates=up|credit=neutral
2023-02-15,up,mid,up,neutral,trend=up|vol=mid|rates=up|credit=neutral
2023-02-16,up,mid,up,risk_on,trend=up|vol=mid|rates=up|credit=risk_on
2023-02-17,up,mid,up,risk_on,trend=up|vol=mid|rates=up|credit=risk_on
2023-02-21,flat,mid,up,risk_on,trend=flat|vol=mid|rates=up|credit=risk_on
2023-02-22,flat,mid,up,risk_on,trend=flat|vol=mid|rates=up|credit=risk_on
2023-02-23,flat,mid,up,risk_on,trend=flat|vol=mid|rates=up|credit=risk_on
2023-02-24,flat,mid,up,risk_on,trend=flat|vol=mid|rates=up|credit=risk_on
2023-02-27,flat,mid,up,risk_on,trend=flat|vol=mid|rates=up|credit=risk_on
2023-02-28,down,mid,up,risk_on,trend=down|vol=mid|rates=up|credit=risk_on
2023-03-01,flat,mid,up,risk_on,trend=flat|vol=mid|rates=up|credit=risk_on
2023-03-02,down,mid,up,risk_on,trend=down|vol=mid|rates=up|credit=risk_on
2023-03-03,flat,mid,up,risk_on,trend=flat|vol=mid|rates=up|credit=risk_on
2023-03-06,down,mid,up,risk_on,trend=down|vol=mid|rates=up|credit=risk_on
2023-03-07,down,mid,up,risk_on,trend=down|vol=mid|rates=up|credit=risk_on
2023-03-08,down,mid,up,risk_on,trend=down|vol=mid|rates=up|credit=risk_on
2023-03-09,down,mid,up,neutral,trend=down|vol=mid|rates=up|credit=neutral
2023-03-10,down,mid,stable,neutral,trend=down|vol=mid|rates=stable|credit=neutral
2023-03-13,down,high,stable,risk_off,trend=down|vol=high|rates=stable|credit=risk_off
2023-03-14,down,mid,stable,neutral,trend=down|vol=mid|rates=stable|credit=neutral
2023-03-15,down,high,down,risk_off,trend=down|vol=high|rates=down|credit=risk_off
2023-03-16,down,mid,down,neutral,trend=down|vol=mid|rates=down|credit=neutral
2023-03-17,down,high,down,risk_off,trend=down|vol=high|rates=down|credit=risk_off
2023-03-20,down,mid,down,risk_off,trend=down|vol=mid|rates=down|credit=risk_off
2023-03-21,flat,mid,down,risk_off,trend=flat|vol=mid|rates=down|credit=risk_off
2023-03-22,flat,mid,down,risk_off,trend=flat|vol=mid|rates=down|credit=risk_off
2023-03-23,flat,mid,down,risk_off,trend=flat|vol=mid|rates=down|credit=risk_off
2023-03-24,flat,mid,down,risk_off,trend=flat|vol=mid|rates=down|credit=risk_off
2023-03-27,flat,mid,down,risk_off,trend=flat|vol=mid|rates=down|credit=risk_off
2023-03-28,flat,mid,down,risk_off,trend=flat|vol=mid|rates=down|credit=risk_off
2023-03-29,flat,mid,down,risk_off,trend=flat|vol=mid|rates=down|credit=risk_off
2023-03-30,up,mid,down,risk_off,trend=up|vol=mid|rates=down|credit=risk_off
2023-03-31,up,mid,down,risk_off,trend=up|vol=mid|rates=down|credit=risk_off
2023-04-03,up,mid,down,risk_off,trend=up|vol=mid|rates=down|credit=risk_off
2023-04-04,flat,mid,down,risk_off,trend=flat|vol=mid|rates=down|credit=risk_off
2023-04-05,up,mid,down,risk_off,trend=up|vol=mid|rates=down|credit=risk_off
2023-04-06,up,mid,down,risk_off,trend=up|vol=mid|rates=down|credit=risk_off
2023-04-07,,,down,,rates=down
2023-04-10,up,mid,down,risk_off,trend=up|vol=mid|rates=down|credit=risk_off
2023-04-11,up,mid,stable,neutral,trend=up|vol=mid|rates=stable|credit=neutral
2023-04-12,up,mid,down,neutral,trend=up|vol=mid|rates=down|credit=neutral
2023-04-13,up,mid,stable,neutral,trend=up|vol=mid|rates=stable|credit=neutral
2023-04-14,up,mid,stable,risk_on,trend=up|vol=mid|rates=stable|credit=risk_on
2023-04-17,up,mid,up,neutral,trend=up|vol=mid|rates=up|credit=neutral
2023-04-18,up,mid,stable,risk_on,trend=up|vol=mid|rates=stable|credit=risk_on
2023-04-19,up,mid,stable,risk_on,trend=up|vol=mid|rates=stable|credit=risk_on
2023-04-20,up,mid,stable,neutral,trend=up|vol=mid|rates=stable|credit=neutral
2023-04-21,up,mid,stable,risk_on,trend=up|vol=mid|rates=stable|credit=risk_on
2023-04-24,up,mid,stable,risk_on,trend=up|vol=mid|rates=stable|credit=risk_on
2023-04-25,up,mid,stable,risk_on,trend=up|vol=mid|rates=stable|credit=risk_on
2023-04-26,flat,mid,stable,neutral,trend=flat|vol=mid|rates=stable|credit=neutral
2023-04-27,up,mid,stable,risk_on,trend=up|vol=mid|rates=stable|credit=risk_on
2023-04-28,up,low,stable,neutral,trend=up|vol=low|rates=stable|credit=neutral
2023-05-01,up,mid,stable,neutral,trend=up|vol=mid|rates=stable|credit=neutral
2023-05-02,flat,mid,stable,neutral,trend=flat|vol=mid|rates=stable|credit=neutral
2023-05-03,flat,mid,stable,neutral,trend=flat|vol=mid|rates=stable|credit=neutral
2023-05-04,flat,mid,stable,neutral,trend=flat|vol=mid|rates=stable|credit=neutral
2023-05-05,flat,mid,stable,risk_on,trend=flat|vol=mid|rates=stable|credit=risk_on
2023-05-08,flat,mid,stable,risk_on,trend=flat|vol=mid|rates=stable|credit=risk_on
2023-05-09,flat,mid,stable,risk_on,trend=flat|vol=mid|rates=stable|credit=risk_on
2023-05-10,flat,mid,stable,risk_on,trend=flat|vol=mid|rates=stable|credit=risk_on
2023-05-11,flat,mid,stable,neutral,trend=flat|vol=mid|rates=stable|credit=neutral
2023-05-12,flat,mid,stable,neutral,trend=flat|vol=mid|rates=stable|credit=neutral
2023-05-15,flat,mid,stable,neutral,trend=flat|vol=mid|rates=stable|credit=neutral
2023-05-16,flat,mid,stable,neutral,trend=flat|vol=mid|rates=stable|credit=neutral
2023-05-17,flat,mid,stable,neutral,trend=flat|vol=mid|rates=stable|credit=neutral
2023-05-18,flat,mid,stable,neutral,trend=flat|vol=mid|rates=stable|credit=neutral
2023-05-19,flat,mid,stable,risk_on,trend=flat|vol=mid|rates=stable|credit=risk_on
2023-05-22,flat,mid,stable,risk_on,trend=flat|vol=mid|rates=stable|credit=risk_on
2023-05-23,flat,mid,stable,risk_on,trend=flat|vol=mid|rates=stable|credit=risk_on
2023-05-24,flat,mid,up,risk_on,trend=flat|vol=mid|rates=up|credit=risk_on
2023-05-25,up,mid,up,risk_on,trend=up|vol=mid|rates=up|credit=risk_on
2023-05-26,flat,mid,up,risk_on,trend=flat|vol=mid|rates=up|credit=risk_on
2023-05-30,flat,mid,up,risk_on,trend=flat|vol=mid|rates=up|credit=risk_on
2023-05-31,flat,mid,stable,neutral,trend=flat|vol=mid|rates=stable|credit=neutral
2023-06-01,up,low,stable,neutral,trend=up|vol=low|rates=stable|credit=neutral
2023-06-02,up,low,up,risk_on,trend=up|vol=low|rates=up|credit=risk_on
2023-06-05,up,low,up,risk_on,trend=up|vol=low|rates=up|credit=risk_on
2023-06-06,up,low,up,risk_on,trend=up|vol=low|rates=up|credit=risk_on
2023-06-07,up,low,up,risk_on,trend=up|vol=low|rates=up|credit=risk_on
2023-06-08,up,low,up,risk_on,trend=up|vol=low|rates=up|credit=risk_on
2023-06-09,up,low,up,risk_on,trend=up|vol=low|rates=up|credit=risk_on
2023-06-12,up,low,up,risk_on,trend=up|vol=low|rates=up|credit=risk_on
2023-06-13,up,low,up,risk_on,trend=up|vol=low|rates=up|credit=risk_on
2023-06-14,up,low,up,risk_on,trend=up|vol=low|rates=up|credit=risk_on
2023-06-15,up,low,stable,risk_on,trend=up|vol=low|rates=stable|credit=risk_on
2023-06-16,up,low,up,neutral,trend=up|vol=low|rates=up|credit=neutral
2023-06-20,up,low,stable,neutral,trend=up|vol=low|rates=stable|credit=neutral
2023-06-21,up,low,stable,neutral,trend=up|vol=low|rates=stable|credit=neutral
2023-06-22,up,low,stable,neutral,trend=up|vol=low|rates=stable|credit=neutral
2023-06-23,up,low,stable,neutral,trend=up|vol=low|rates=stable|credit=neutral
2023-06-26,up,low,stable,neutral,trend=up|vol=low|rates=stable|credit=neutral
2023-06-27,up,low,stable,neutral,trend=up|vol=low|rates=stable|credit=neutral
2023-06-28,up,low,stable,neutral,trend=up|vol=low|rates=stable|credit=neutral
2023-06-29,up,low,stable,neutral,trend=up|vol=low|rates=stable|credit=neutral
2023-06-30,up,low,stable,neutral,trend=up|vol=low|rates=stable|credit=neutral
2023-07-03,up,low,up,neutral,trend=up|vol=low|rates=up|credit=neutral
2023-07-05,up,low,up,neutral,trend=up|vol=low|rates=up|credit=neutral
2023-07-06,up,low,up,neutral,trend=up|vol=low|rates=up|credit=neutral
2023-07-07,up,low,up,neutral,trend=up|vol=low|rates=up|credit=neutral
2023-07-10,up,low,up,neutral,trend=up|vol=low|rates=up|credit=neutral
2023-07-11,up,low,up,neutral,trend=up|vol=low|rates=up|credit=neutral
2023-07-12,up,low,stable,neutral,trend=up|vol=low|rates=stable|credit=neutral
2023-07-13,up,low,stable,neutral,trend=up|vol=low|rates=stable|credit=neutral
2023-07-14,up,low,stable,neutral,trend=up|vol=low|rates=stable|credit=neutral
2023-07-17,up,low,stable,neutral,trend=up|vol=low|rates=stable|credit=neutral
2023-07-18,up,low,stable,neutral,trend=up|vol=low|rates=stable|credit=neutral
2023-07-19,up,low,stable,neutral,trend=up|vol=low|rates=stable|credit=neutral
2023-07-20,up,low,stable,risk_on,trend=up|vol=low|rates=stable|credit=risk_on
2023-07-21,up,low,stable,risk_on,trend=up|vol=low|rates=stable|credit=risk_on
2023-07-24,up,low,stable,risk_on,trend=up|vol=low|rates=stable|credit=risk_on
2023-07-25,up,low,stable,risk_on,trend=up|vol=low|rates=stable|credit=risk_on
2023-07-26,up,low,stable,risk_on,trend=up|vol=low|rates=stable|credit=risk_on
2023-07-27,up,low,up,risk_on,trend=up|vol=low|rates=up|credit=risk_on
2023-07-28,up,low,up,risk_on,trend=up|vol=low|rates=up|credit=risk_on
2023-07-31,up,low,stable,neutral,trend=up|vol=low|rates=stable|credit=neutral
2023-08-01,up,low,up,risk_on,trend=up|vol=low|rates=up|credit=risk_on
2023-08-02,flat,mid,up,risk_on,trend=flat|vol=mid|rates=up|credit=risk_on
2023-08-03,flat,low,up,risk_on,trend=flat|vol=low|rates=up|credit=risk_on
2023-08-04,flat,mid,stable,risk_on,trend=flat|vol=mid|rates=stable|credit=risk_on
2023-08-07,up,low,stable,risk_on,trend=up|vol=low|rates=stable|credit=risk_on
2023-08-08,up,low,stable,risk_on,trend=up|vol=low|rates=stable|credit=risk_on
2023-08-09,flat,low,stable,neutral,trend=flat|vol=low|rates=stable|credit=neutral
2023-08-10,flat,low,up,risk_on,trend=flat|vol=low|rates=up|credit=risk_on
2023-08-11,flat,low,up,risk_on,trend=flat|vol=low|rates=up|credit=risk_on
2023-08-14,flat,low,up,risk_on,trend=flat|vol=low|rates=up|credit=risk_on
2023-08-15,flat,mid,up,risk_on,trend=flat|vol=mid|rates=up|credit=risk_on
2023-08-16,down,mid,up,risk_on,trend=down|vol=mid|rates=up|credit=risk_on
2023-08-17,down,mid,up,risk_on,trend=down|vol=mid|rates=up|credit=risk_on
2023-08-18,down,mid,up,risk_on,trend=down|vol=mid|rates=up|credit=risk_on
2023-08-21,down,mid,up,risk_on,trend=down|vol=mid|rates=up|credit=risk_on
2023-08-22,down,mid,up,risk_on,trend=down|vol=mid|rates=up|credit=risk_on
2023-08-23,down,low,up,risk_on,trend=down|vol=low|rates=up|credit=risk_on
2023-08-24,down,mid,up,risk_on,trend=down|vol=mid|rates=up|credit=risk_on
2023-08-25,down,low,up,risk_on,trend=down|vol=low|rates=up|credit=risk_on
2023-08-28,down,low,up,risk_on,trend=down|vol=low|rates=up|credit=risk_on
2023-08-29,flat,low,stable,risk_on,trend=flat|vol=low|rates=stable|credit=risk_on
2023-08-30,flat,low,stable,risk_on,trend=flat|vol=low|rates=stable|credit=risk_on
2023-08-31,flat,low,stable,neutral,trend=flat|vol=low|rates=stable|credit=neutral
2023-09-01,flat,low,stable,risk_on,trend=flat|vol=low|rates=stable|credit=risk_on
2023-09-05,flat,low,up,risk_on,trend=flat|vol=low|rates=up|credit=risk_on
2023-09-06,flat,low,up,neutral,trend=flat|vol=low|rates=up|credit=neutral
2023-09-07,flat,low,up,risk_on,trend=flat|vol=low|rates=up|credit=risk_on
2023-09-08,flat,low,up,risk_on,trend=flat|vol=low|rates=up|credit=risk_on
2023-09-11,flat,low,up,neutral,trend=flat|vol=low|rates=up|credit=neutral
2023-09-12,flat,low,stable,neutral,trend=flat|vol=low|rates=stable|credit=neutral
2023-09-13,flat,low,stable,neutral,trend=flat|vol=low|rates=stable|credit=neutral
2023-09-14,flat,low,stable,neutral,trend=flat|vol=low|rates=stable|credit=neutral
2023-09-15,flat,low,stable,neutral,trend=flat|vol=low|rates=stable|credit=neutral
2023-09-18,up,low,stable,neutral,trend=up|vol=low|rates=stable|credit=neutral
2023-09-19,flat,low,stable,neutral,trend=flat|vol=low|rates=stable|credit=neutral
2023-09-20,flat,low,stable,neutral,trend=flat|vol=low|rates=stable|credit=neutral
2023-09-21,flat,mid,stable,neutral,trend=flat|vol=mid|rates=stable|credit=neutral
2023-09-22,down,mid,up,neutral,trend=down|vol=mid|rates=up|credit=neutral
2023-09-25,flat,mid,up,risk_on,trend=flat|vol=mid|rates=up|credit=risk_on
2023-09-26,down,mid,up,risk_on,trend=down|vol=mid|rates=up|credit=risk_on
2023-09-27,down,mid,up,risk_on,trend=down|vol=mid|rates=up|credit=risk_on
2023-09-28,down,mid,up,risk_on,trend=down|vol=mid|rates=up|credit=risk_on
2023-09-29,down,mid,up,risk_on,trend=down|vol=mid|rates=up|credit=risk_on
2023-10-02,down,mid,up,risk_on,trend=down|vol=mid|rates=up|credit=risk_on
2023-10-03,down,mid,up,risk_on,trend=down|vol=mid|rates=up|credit=risk_on
2023-10-04,down,mid,up,risk_on,trend=down|vol=mid|rates=up|credit=risk_on
2023-10-05,down,mid,up,risk_on,trend=down|vol=mid|rates=up|credit=risk_on
2023-10-06,down,mid,up,risk_on,trend=down|vol=mid|rates=up|credit=risk_on
2023-10-09,down,mid,,risk_on,trend=down|vol=mid|credit=risk_on
2023-10-10,down,mid,up,risk_on,trend=down|vol=mid|rates=up|credit=risk_on
2023-10-11,flat,mid,up,neutral,trend=flat|vol=mid|rates=up|credit=neutral
2023-10-12,down,mid,up,risk_on,trend=down|vol=mid|rates=up|credit=risk_on
2023-10-13,down,mid,up,neutral,trend=down|vol=mid|rates=up|credit=neutral
2023-10-16,flat,mid,up,risk_on,trend=flat|vol=mid|rates=up|credit=risk_on
2023-10-17,flat,mid,up,risk_on,trend=flat|vol=mid|rates=up|credit=risk_on
2023-10-18,down,mid,up,risk_on,trend=down|vol=mid|rates=up|credit=risk_on
2023-10-19,down,mid,up,risk_on,trend=down|vol=mid|rates=up|credit=risk_on
2023-10-20,down,mid,up,risk_on,trend=down|vol=mid|rates=up|credit=risk_on
2023-10-23,down,mid,up,risk_on,trend=down|vol=mid|rates=up|credit=risk_on
2023-10-24,flat,mid,up,risk_on,trend=flat|vol=mid|rates=up|credit=risk_on
2023-10-25,flat,mid,up,risk_on,trend=flat|vol=mid|rates=up|credit=risk_on
2023-10-26,down,mid,up,neutral,trend=down|vol=mid|rates=up|credit=neutral
2023-10-27,down,mid,up,neutral,trend=down|vol=mid|rates=up|credit=neutral
2023-10-30,down,mid,up,neutral,trend=down|vol=mid|rates=up|credit=neutral
2023-10-31,down,mid,up,risk_on,trend=down|vol=mid|rates=up|credit=risk_on
2023-11-01,flat,mid,stable,neutral,trend=flat|vol=mid|rates=stable|credit=neutral
2023-11-02,flat,low,stable,neutral,trend=flat|vol=low|rates=stable|credit=neutral
2023-11-03,up,low,stable,risk_on,trend=up|vol=low|rates=stable|credit=risk_on
2023-11-06,flat,low,stable,neutral,trend=flat|vol=low|rates=stable|credit=neutral
2023-11-07,flat,low,down,neutral,trend=flat|vol=low|rates=down|credit=neutral
2023-11-08,flat,low,stable,neutral,trend=flat|vol=low|rates=stable|credit=neutral
2023-11-09,flat,low,stable,risk_on,trend=flat|vol=low|rates=stable|credit=risk_on
2023-11-10,flat,low,stable,neutral,trend=flat|vol=low|rates=stable|credit=neutral
2023-11-13,up,low,stable,risk_on,trend=up|vol=low|rates=stable|credit=risk_on
2023-11-14,up,low,down,neutral,trend=up|vol=low|rates=down|credit=neutral
2023-11-15,up,low,down,neutral,trend=up|vol=low|rates=down|credit=neutral
2023-11-16,up,low,down,risk_off,trend=up|vol=low|rates=down|credit=risk_off
2023-11-17,up,low,down,risk_off,trend=up|vol=low|rates=down|credit=risk_off
2023-11-20,up,low,down,risk_off,trend=up|vol=low|rates=down|credit=risk_off
2023-11-21,up,low,down,risk_off,trend=up|vol=low|rates=down|credit=risk_off
2023-11-22,up,low,down,risk_off,trend=up|vol=low|rates=down|credit=risk_off
2023-11-24,up,low,down,risk_off,trend=up|vol=low|rates=down|credit=risk_off
2023-11-27,up,low,down,risk_off,trend=up|vol=low|rates=down|credit=risk_off
2023-11-28,up,low,down,risk_off,trend=up|vol=low|rates=down|credit=risk_off
2023-11-29,up,low,down,risk_off,trend=up|vol=low|rates=down|credit=risk_off
2023-11-30,up,low,down,risk_off,trend=up|vol=low|rates=down|credit=risk_off
2023-12-01,up,low,down,risk_off,trend=up|vol=low|rates=down|credit=risk_off
2023-12-04,up,low,down,risk_off,trend=up|vol=low|rates=down|credit=risk_off
2023-12-05,up,low,down,risk_off,trend=up|vol=low|rates=down|credit=risk_off
2023-12-06,up,low,down,risk_off,trend=up|vol=low|rates=down|credit=risk_off
2023-12-07,up,low,down,risk_off,trend=up|vol=low|rates=down|credit=risk_off
2023-12-08,up,low,down,risk_off,trend=up|vol=low|rates=down|credit=risk_off
2023-12-11,up,low,down,risk_off,trend=up|vol=low|rates=down|credit=risk_off
2023-12-12,up,low,down,risk_off,trend=up|vol=low|rates=down|credit=risk_off
2023-12-13,up,low,down,risk_off,trend=up|vol=low|rates=down|credit=risk_off
2023-12-14,up,low,down,risk_off,trend=up|vol=low|rates=down|credit=risk_off
2023-12-15,up,low,down,risk_off,trend=up|vol=low|rates=down|credit=risk_off
2023-12-18,up,low,down,risk_off,trend=up|vol=low|rates=down|credit=risk_off
2023-12-19,up,low,down,risk_off,trend=up|vol=low|rates=down|credit=risk_off
2023-12-20,up,low,down,risk_off,trend=up|vol=low|rates=down|credit=risk_off
2023-12-21,up,low,down,risk_off,trend=up|vol=low|rates=down|credit=risk_off
2023-12-22,up,low,down,risk_off,trend=up|vol=low|rates=down|credit=risk_off
2023-12-26,up,low,down,risk_off,trend=up|vol=low|rates=down|credit=risk_off
2023-12-27,up,low,down,risk_off,trend=up|vol=low|rates=down|credit=risk_off
2023-12-28,up,low,down,risk_off,trend=up|vol=low|rates=down|credit=risk_off
2023-12-29,up,low,down,risk_off,trend=up|vol=low|rates=down|credit=risk_off
2024-01-02,up,low,down,risk_off,trend=up|vol=low|rates=down|credit=risk_off
2024-01-03,up,low,down,neutral,trend=up|vol=low|rates=down|credit=neutral
2024-01-04,up,low,down,neutral,trend=up|vol=low|rates=down|credit=neutral
2024-01-05,up,low,stable,neutral,trend=up|vol=low|rates=stable|credit=neutral
2024-01-08,up,low,stable,neutral,trend=up|vol=low|rates=stable|credit=neutral
2024-01-09,up,low,stable,neutral,trend=up|vol=low|rates=stable|credit=neutral
2024-01-10,up,low,stable,neutral,trend=up|vol=low|rates=stable|credit=neutral
2024-01-11,up,low,down,neutral,trend=up|vol=low|rates=down|credit=neutral
2024-01-12,up,low,down,neutral,trend=up|vol=low|rates=down|credit=neutral
2024-01-16,flat,low,stable,neutral,trend=flat|vol=low|rates=stable|credit=neutral
2024-01-17,flat,low,stable,risk_on,trend=flat|vol=low|rates=stable|credit=risk_on
2024-01-18,flat,low,up,risk_on,trend=flat|vol=low|rates=up|credit=risk_on
2024-01-19,up,low,up,risk_on,trend=up|vol=low|rates=up|credit=risk_on
2024-01-22,flat,low,stable,neutral,trend=flat|vol=low|rates=stable|credit=neutral
2024-01-23,up,low,up,risk_on,trend=up|vol=low|rates=up|credit=risk_on
2024-01-24,up,low,up,neutral,trend=up|vol=low|rates=up|credit=neutral
2024-01-25,up,low,up,neutral,trend=up|vol=low|rates=up|credit=neutral
2024-01-26,up,low,up,risk_on,trend=up|vol=low|rates=up|credit=risk_on
2024-01-29,up,low,up,risk_on,trend=up|vol=low|rates=up|credit=risk_on
2024-01-30,up,low,up,risk_on,trend=up|vol=low|rates=up|credit=risk_on
2024-01-31,flat,low,stable,neutral,trend=flat|vol=low|rates=stable|credit=neutral
2024-02-01,up,low,stable,neutral,trend=up|vol=low|rates=stable|credit=neutral
2024-02-02,up,low,stable,neutral,trend=up|vol=low|rates=stable|credit=neutral
2024-02-05,up,low,stable,neutral,trend=up|vol=low|rates=stable|credit=neutral
2024-02-06,up,low,stable,neutral,trend=up|vol=low|rates=stable|credit=neutral
2024-02-07,up,low,stable,neutral,trend=up|vol=low|rates=stable|credit=neutral
2024-02-08,up,low,stable,risk_on,trend=up|vol=low|rates=stable|credit=risk_on
2024-02-09,up,low,stable,risk_on,trend=up|vol=low|rates=stable|credit=risk_on
2024-02-12,up,low,stable,risk_on,trend=up|vol=low|rates=stable|credit=risk_on
2024-02-13,up,low,up,risk_on,trend=up|vol=low|rates=up|credit=risk_on
2024-02-14,up,low,stable,risk_on,trend=up|vol=low|rates=stable|credit=risk_on
2024-02-15,up,low,stable,risk_on,trend=up|vol=low|rates=stable|credit=risk_on
2024-02-16,up,low,stable,risk_on,trend=up|vol=low|rates=stable|credit=risk_on
2024-02-20,up,low,stable,risk_on,trend=up|vol=low|rates=stable|credit=risk_on
2024-02-21,up,low,up,risk_on,trend=up|vol=low|rates=up|credit=risk_on
2024-02-22,up,low,stable,risk_on,trend=up|vol=low|rates=stable|credit=risk_on
2024-02-23,up,low,stable,risk_on,trend=up|vol=low|rates=stable|credit=risk_on
2024-02-26,up,low,stable,neutral,trend=up|vol=low|rates=stable|credit=neutral
2024-02-27,up,low,stable,neutral,trend=up|vol=low|rates=stable|credit=neutral
2024-02-28,up,low,stable,risk_on,trend=up|vol=low|rates=stable|credit=risk_on
2024-02-29,up,low,stable,risk_on,trend=up|vol=low|rates=stable|credit=risk_on
2024-03-01,up,low,up,risk_on,trend=up|vol=low|rates=up|credit=risk_on
2024-03-04,up,low,up,risk_on,trend=up|vol=low|rates=up|credit=risk_on
2024-03-05,up,low,stable,risk_on,trend=up|vol=low|rates=stable|credit=risk_on
2024-03-06,up,low,stable,neutral,trend=up|vol=low|rates=stable|credit=neutral
2024-03-07,up,low,stable,neutral,trend=up|vol=low|rates=stable|credit=neutral
2024-03-08,up,low,stable,neutral,trend=up|vol=low|rates=stable|credit=neutral
2024-03-11,up,low,stable,neutral,trend=up|vol=low|rates=stable|credit=neutral
2024-03-12,up,low,stable,neutral,trend=up|vol=low|rates=stable|credit=neutral
2024-03-13,up,low,stable,neutral,trend=up|vol=low|rates=stable|credit=neutral
2024-03-14,up,low,stable,neutral,trend=up|vol=low|rates=stable|credit=neutral
2024-03-15,up,low,stable,neutral,trend=up|vol=low|rates=stable|credit=neutral
2024-03-18,up,low,stable,neutral,trend=up|vol=low|rates=stable|credit=neutral
2024-03-19,up,low,stable,neutral,trend=up|vol=low|rates=stable|credit=neutral
2024-03-20,up,low,stable,neutral,trend=up|vol=low|rates=stable|credit=neutral
2024-03-21,up,low,stable,neutral,trend=up|vol=low|rates=stable|credit=neutral
2024-03-22,up,low,stable,neutral,trend=up|vol=low|rates=stable|credit=neutral
2024-03-25,up,low,stable,neutral,trend=up|vol=low|rates=stable|credit=neutral
2024-03-26,up,low,stable,neutral,trend=up|vol=low|rates=stable|credit=neutral
2024-03-27,up,low,stable,neutral,trend=up|vol=low|rates=stable|credit=neutral
2024-03-28,up,low,stable,neutral,trend=up|vol=low|rates=stable|credit=neutral
2024-04-01,up,low,stable,neutral,trend=up|vol=low|rates=stable|credit=neutral
2024-04-02,flat,low,stable,neutral,trend=flat|vol=low|rates=stable|credit=neutral
2024-04-03,flat,low,stable,neutral,trend=flat|vol=low|rates=stable|credit=neutral
2024-04-04,flat,mid,stable,neutral,trend=flat|vol=mid|rates=stable|credit=neutral
2024-04-05,up,mid,up,neutral,trend=up|vol=mid|rates=up|credit=neutral
2024-04-08,flat,low,up,risk_on,trend=flat|vol=low|rates=up|credit=risk_on
2024-04-09,flat,low,up,risk_on,trend=flat|vol=low|rates=up|credit=risk_on
2024-04-10,flat,low,up,risk_on,trend=flat|vol=low|rates=up|credit=risk_on
2024-04-11,flat,low,up,risk_on,trend=flat|vol=low|rates=up|credit=risk_on
2024-04-12,flat,mid,up,risk_on,trend=flat|vol=mid|rates=up|credit=risk_on
2024-04-15,flat,mid,up,risk_on,trend=flat|vol=mid|rates=up|credit=risk_on
2024-04-16,flat,mid,up,risk_on,trend=flat|vol=mid|rates=up|credit=risk_on
2024-04-17,down,mid,up,neutral,trend=down|vol=mid|rates=up|credit=neutral
2024-04-18,down,mid,up,neutral,trend=down|vol=mid|rates=up|credit=neutral
2024-04-19,down,mid,up,neutral,trend=down|vol=mid|rates=up|credit=neutral
2024-04-22,down,mid,up,risk_on,trend=down|vol=mid|rates=up|credit=risk_on
2024-04-23,down,low,up,risk_on,trend=down|vol=low|rates=up|credit=risk_on
2024-04-24,down,low,up,risk_on,trend=down|vol=low|rates=up|credit=risk_on
2024-04-25,down,low,up,risk_on,trend=down|vol=low|rates=up|credit=risk_on
2024-04-26,down,low,up,risk_on,trend=down|vol=low|rates=up|credit=risk_on
2024-04-29,down,low,up,risk_on,trend=down|vol=low|rates=up|credit=risk_on
2024-04-30,down,low,up,risk_on,trend=down|vol=low|rates=up|credit=risk_on
2024-05-01,down,low,up,risk_on,trend=down|vol=low|rates=up|credit=risk_on
2024-05-02,down,low,up,risk_on,trend=down|vol=low|rates=up|credit=risk_on
2024-05-03,flat,low,stable,risk_on,trend=flat|vol=low|rates=stable|credit=risk_on
2024-05-06,flat,low,stable,neutral,trend=flat|vol=low|rates=stable|credit=neutral
2024-05-07,flat,low,stable,neutral,trend=flat|vol=low|rates=stable|credit=neutral
2024-05-08,flat,low,stable,neutral,trend=flat|vol=low|rates=stable|credit=neutral
2024-05-09,flat,low,stable,neutral,trend=flat|vol=low|rates=stable|credit=neutral
2024-05-10,flat,low,stable,neutral,trend=flat|vol=low|rates=stable|credit=neutral
2024-05-13,flat,low,stable,neutral,trend=flat|vol=low|rates=stable|credit=neutral
2024-05-14,up,low,stable,neutral,trend=up|vol=low|rates=stable|credit=neutral
2024-05-15,up,low,down,neutral,trend=up|vol=low|rates=down|credit=neutral
2024-05-16,up,low,down,neutral,trend=up|vol=low|rates=down|credit=neutral
2024-05-17,up,low,down,neutral,trend=up|vol=low|rates=down|credit=neutral
2024-05-20,up,low,stable,neutral,trend=up|vol=low|rates=stable|credit=neutral
2024-05-21,up,low,down,neutral,trend=up|vol=low|rates=down|credit=neutral
2024-05-22,up,low,stable,neutral,trend=up|vol=low|rates=stable|credit=neutral
2024-05-23,up,low,stable,risk_off,trend=up|vol=low|rates=stable|credit=risk_off
2024-05-24,up,low,down,risk_off,trend=up|vol=low|rates=down|credit=risk_off
2024-05-28,up,low,stable,neutral,trend=up|vol=low|rates=stable|credit=neutral
2024-05-29,up,low,stable,neutral,trend=up|vol=low|rates=stable|credit=neutral
2024-05-30,up,low,stable,neutral,trend=up|vol=low|rates=stable|credit=neutral
2024-05-31,up,low,stable,neutral,trend=up|vol=low|rates=stable|credit=neutral
2024-06-03,up,low,stable,risk_off,trend=up|vol=low|rates=stable|credit=risk_off
2024-06-04,up,low,stable,risk_off,trend=up|vol=low|rates=stable|credit=risk_off
2024-06-05,up,low,down,risk_off,trend=up|vol=low|rates=down|credit=risk_off
2024-06-06,up,low,stable,risk_off,trend=up|vol=low|rates=stable|credit=risk_off
2024-06-07,up,low,stable,neutral,trend=up|vol=low|rates=stable|credit=neutral
2024-06-10,up,low,stable,neutral,trend=up|vol=low|rates=stable|credit=neutral
2024-06-11,up,low,stable,neutral,trend=up|vol=low|rates=stable|credit=neutral
2024-06-12,up,low,stable,neutral,trend=up|vol=low|rates=stable|credit=neutral
2024-06-13,up,low,down,risk_off,trend=up|vol=low|rates=down|credit=risk_off
2024-06-14,up,low,stable,risk_off,trend=up|vol=low|rates=stable|credit=risk_off
2024-06-17,up,low,stable,neutral,trend=up|vol=low|rates=stable|credit=neutral
2024-06-18,up,low,down,neutral,trend=up|vol=low|rates=down|credit=neutral
2024-06-20,up,low,stable,neutral,trend=up|vol=low|rates=stable|credit=neutral
2024-06-21,up,low,stable,neutral,trend=up|vol=low|rates=stable|credit=neutral
2024-06-24,up,low,stable,neutral,trend=up|vol=low|rates=stable|credit=neutral
2024-06-25,up,low,down,neutral,trend=up|vol=low|rates=down|credit=neutral
2024-06-26,up,low,stable,neutral,trend=up|vol=low|rates=stable|credit=neutral
2024-06-27,up,low,down,neutral,trend=up|vol=low|rates=down|credit=neutral
2024-06-28,up,low,down,neutral,trend=up|vol=low|rates=down|credit=neutral
2024-07-01,up,low,stable,neutral,trend=up|vol=low|rates=stable|credit=neutral
2024-07-02,up,low,stable,neutral,trend=up|vol=low|rates=stable|credit=neutral
2024-07-03,up,low,stable,neutral,trend=up|vol=low|rates=stable|credit=neutral
2024-07-05,up,low,stable,neutral,trend=up|vol=low|rates=stable|credit=neutral
2024-07-08,up,low,stable,neutral,trend=up|vol=low|rates=stable|credit=neutral
2024-07-09,up,low,stable,neutral,trend=up|vol=low|rates=stable|credit=neutral
2024-07-10,up,low,stable,neutral,trend=up|vol=low|rates=stable|credit=neutral
2024-07-11,up,low,down,neutral,trend=up|vol=low|rates=down|credit=neutral
2024-07-12,up,low,down,neutral,trend=up|vol=low|rates=down|credit=neutral
2024-07-15,up,low,stable,neutral,trend=up|vol=low|rates=stable|credit=neutral
2024-07-16,up,low,stable,neutral,trend=up|vol=low|rates=stable|credit=neutral
2024-07-17,up,low,stable,neutral,trend=up|vol=low|rates=stable|credit=neutral
2024-07-18,flat,low,stable,neutral,trend=flat|vol=low|rates=stable|credit=neutral
2024-07-19,flat,mid,stable,risk_on,trend=flat|vol=mid|rates=stable|credit=risk_on
2024-07-22,flat,low,stable,risk_on,trend=flat|vol=low|rates=stable|credit=risk_on
2024-07-23,flat,low,stable,risk_on,trend=flat|vol=low|rates=stable|credit=risk_on
2024-07-24,flat,mid,stable,risk_on,trend=flat|vol=mid|rates=stable|credit=risk_on
2024-07-25,flat,mid,stable,risk_on,trend=flat|vol=mid|rates=stable|credit=risk_on
2024-07-26,flat,mid,stable,neutral,trend=flat|vol=mid|rates=stable|credit=neutral
2024-07-29,flat,mid,stable,neutral,trend=flat|vol=mid|rates=stable|credit=neutral
2024-07-30,flat,mid,down,neutral,trend=flat|vol=mid|rates=down|credit=neutral
2024-07-31,flat,mid,down,neutral,trend=flat|vol=mid|rates=down|credit=neutral
2024-08-01,flat,mid,down,risk_off,trend=flat|vol=mid|rates=down|credit=risk_off
2024-08-02,down,mid,down,risk_off,trend=down|vol=mid|rates=down|credit=risk_off
2024-08-05,down,high,down,risk_off,trend=down|vol=high|rates=down|credit=risk_off
2024-08-06,down,high,down,risk_off,trend=down|vol=high|rates=down|credit=risk_off
2024-08-07,down,high,down,neutral,trend=down|vol=high|rates=down|credit=neutral
2024-08-08,down,mid,down,neutral,trend=down|vol=mid|rates=down|credit=neutral
2024-08-09,down,mid,down,neutral,trend=down|vol=mid|rates=down|credit=neutral
2024-08-12,down,mid,down,neutral,trend=down|vol=mid|rates=down|credit=neutral
2024-08-13,down,mid,down,risk_off,trend=down|vol=mid|rates=down|credit=risk_off
2024-08-14,down,mid,down,risk_off,trend=down|vol=mid|rates=down|credit=risk_off
2024-08-15,flat,low,down,neutral,trend=flat|vol=low|rates=down|credit=neutral
2024-08-16,flat,low,down,risk_off,trend=flat|vol=low|rates=down|credit=risk_off
2024-08-19,flat,low,down,risk_off,trend=flat|vol=low|rates=down|credit=risk_off
2024-08-20,flat,low,down,risk_off,trend=flat|vol=low|rates=down|credit=risk_off
2024-08-21,flat,mid,down,risk_off,trend=flat|vol=mid|rates=down|credit=risk_off
2024-08-22,up,mid,down,risk_off,trend=up|vol=mid|rates=down|credit=risk_off
2024-08-23,up,low,down,risk_off,trend=up|vol=low|rates=down|credit=risk_off
2024-08-26,up,mid,down,risk_off,trend=up|vol=mid|rates=down|credit=risk_off
2024-08-27,up,low,down,risk_off,trend=up|vol=low|rates=down|credit=risk_off
2024-08-28,up,mid,down,risk_off,trend=up|vol=mid|rates=down|credit=risk_off
2024-08-29,flat,low,down,neutral,trend=flat|vol=low|rates=down|credit=neutral
2024-08-30,up,low,stable,neutral,trend=up|vol=low|rates=stable|credit=neutral
2024-09-03,up,mid,stable,neutral,trend=up|vol=mid|rates=stable|credit=neutral
2024-09-04,up,mid,stable,risk_on,trend=up|vol=mid|rates=stable|credit=risk_on
2024-09-05,up,mid,stable,neutral,trend=up|vol=mid|rates=stable|credit=neutral
2024-09-06,up,mid,down,neutral,trend=up|vol=mid|rates=down|credit=neutral
2024-09-09,up,mid,down,risk_off,trend=up|vol=mid|rates=down|credit=risk_off
2024-09-10,up,mid,down,risk_off,trend=up|vol=mid|rates=down|credit=risk_off
2024-09-11,up,mid,down,neutral,trend=up|vol=mid|rates=down|credit=neutral
2024-09-12,up,mid,stable,neutral,trend=up|vol=mid|rates=stable|credit=neutral
2024-09-13,up,mid,stable,neutral,trend=up|vol=mid|rates=stable|credit=neutral
2024-09-16,flat,mid,down,neutral,trend=flat|vol=mid|rates=down|credit=neutral
2024-09-17,flat,mid,down,neutral,trend=flat|vol=mid|rates=down|credit=neutral
2024-09-18,flat,mid,stable,neutral,trend=flat|vol=mid|rates=stable|credit=neutral
2024-09-19,up,mid,stable,neutral,trend=up|vol=mid|rates=stable|credit=neutral
2024-09-20,flat,mid,stable,neutral,trend=flat|vol=mid|rates=stable|credit=neutral
2024-09-23,up,low,stable,neutral,trend=up|vol=low|rates=stable|credit=neutral
2024-09-24,flat,low,stable,neutral,trend=flat|vol=low|rates=stable|credit=neutral
2024-09-25,flat,low,stable,neutral,trend=flat|vol=low|rates=stable|credit=neutral
2024-09-26,up,low,stable,neutral,trend=up|vol=low|rates=stable|credit=neutral
2024-09-27,up,mid,stable,neutral,trend=up|vol=mid|rates=stable|credit=neutral
2024-09-30,up,mid,stable,neutral,trend=up|vol=mid|rates=stable|credit=neutral
2024-10-01,flat,mid,stable,neutral,trend=flat|vol=mid|rates=stable|credit=neutral
2024-10-02,up,mid,stable,neutral,trend=up|vol=mid|rates=stable|credit=neutral
2024-10-03,up,mid,stable,neutral,trend=up|vol=mid|rates=stable|credit=neutral
2024-10-04,up,mid,up,risk_on,trend=up|vol=mid|rates=up|credit=risk_on
2024-10-07,up,mid,up,risk_on,trend=up|vol=mid|rates=up|credit=risk_on
2024-10-08,up,mid,up,risk_on,trend=up|vol=mid|rates=up|credit=risk_on
2024-10-09,up,mid,up,risk_on,trend=up|vol=mid|rates=up|credit=risk_on
2024-10-10,up,mid,up,risk_on,trend=up|vol=mid|rates=up|credit=risk_on
2024-10-11,up,mid,up,risk_on,trend=up|vol=mid|rates=up|credit=risk_on
2024-10-14,up,mid,,risk_on,trend=up|vol=mid|credit=risk_on
2024-10-15,up,mid,up,risk_on,trend=up|vol=mid|rates=up|credit=risk_on
2024-10-16,up,mid,up,risk_on,trend=up|vol=mid|rates=up|credit=risk_on
2024-10-17,up,mid,up,risk_on,trend=up|vol=mid|rates=up|credit=risk_on
2024-10-18,up,mid,up,risk_on,trend=up|vol=mid|rates=up|credit=risk_on
2024-10-21,up,mid,up,risk_on,trend=up|vol=mid|rates=up|credit=risk_on
2024-10-22,up,mid,up,risk_on,trend=up|vol=mid|rates=up|credit=risk_on
2024-10-23,flat,mid,up,risk_on,trend=flat|vol=mid|rates=up|credit=risk_on
2024-10-24,flat,mid,up,risk_on,trend=flat|vol=mid|rates=up|credit=risk_on
2024-10-25,flat,mid,up,risk_on,trend=flat|vol=mid|rates=up|credit=risk_on
2024-10-28,flat,mid,up,risk_on,trend=flat|vol=mid|rates=up|credit=risk_on
2024-10-29,flat,mid,up,risk_on,trend=flat|vol=mid|rates=up|credit=risk_on
2024-10-30,up,mid,up,risk_on,trend=up|vol=mid|rates=up|credit=risk_on
2024-10-31,flat,mid,up,risk_on,trend=flat|vol=mid|rates=up|credit=risk_on
2024-11-01,flat,mid,up,risk_on,trend=flat|vol=mid|rates=up|credit=risk_on
2024-11-04,flat,mid,up,risk_on,trend=flat|vol=mid|rates=up|credit=risk_on
2024-11-05,flat,mid,up,risk_on,trend=flat|vol=mid|rates=up|credit=risk_on
2024-11-06,up,mid,up,risk_on,trend=up|vol=mid|rates=up|credit=risk_on
2024-11-07,up,low,up,risk_on,trend=up|vol=low|rates=up|credit=risk_on
2024-11-08,up,low,up,risk_on,trend=up|vol=low|rates=up|credit=risk_on
2024-11-11,up,low,,risk_on,trend=up|vol=low|credit=risk_on
2024-11-12,up,low,up,risk_on,trend=up|vol=low|rates=up|credit=risk_on
2024-11-13,up,low,up,risk_on,trend=up|vol=low|rates=up|credit=risk_on
2024-11-14,flat,low,up,risk_on,trend=flat|vol=low|rates=up|credit=risk_on
2024-11-15,flat,mid,up,risk_on,trend=flat|vol=mid|rates=up|credit=risk_on
2024-11-18,flat,low,up,risk_on,trend=flat|vol=low|rates=up|credit=risk_on
2024-11-19,flat,mid,up,risk_on,trend=flat|vol=mid|rates=up|credit=risk_on
2024-11-20,flat,mid,up,risk_on,trend=flat|vol=mid|rates=up|credit=risk_on
2024-11-21,up,mid,up,risk_on,trend=up|vol=mid|rates=up|credit=risk_on
2024-11-22,up,low,stable,risk_on,trend=up|vol=low|rates=stable|credit=risk_on
2024-11-25,up,low,stable,neutral,trend=up|vol=low|rates=stable|credit=neutral
2024-11-26,up,low,stable,neutral,trend=up|vol=low|rates=stable|credit=neutral
2024-11-27,up,low,stable,neutral,trend=up|vol=low|rates=stable|credit=neutral
2024-11-29,up,low,stable,neutral,trend=up|vol=low|rates=stable|credit=neutral
2024-12-02,up,low,stable,neutral,trend=up|vol=low|rates=stable|credit=neutral
2024-12-03,up,low,stable,neutral,trend=up|vol=low|rates=stable|credit=neutral
2024-12-04,up,low,stable,neutral,trend=up|vol=low|rates=stable|credit=neutral
2024-12-05,up,low,stable,neutral,trend=up|vol=low|rates=stable|credit=neutral
2024-12-06,up,low,stable,risk_off,trend=up|vol=low|rates=stable|credit=risk_off
2024-12-09,flat,low,down,neutral,trend=flat|vol=low|rates=down|credit=neutral
2024-12-10,flat,low,stable,neutral,trend=flat|vol=low|rates=stable|credit=neutral
2024-12-11,flat,low,stable,neutral,trend=flat|vol=low|rates=stable|credit=neutral
2024-12-12,flat,low,stable,neutral,trend=flat|vol=low|rates=stable|credit=neutral
2024-12-13,flat,low,stable,neutral,trend=flat|vol=low|rates=stable|credit=neutral
2024-12-16,up,low,stable,neutral,trend=up|vol=low|rates=stable|credit=neutral
2024-12-17,up,low,stable,neutral,trend=up|vol=low|rates=stable|credit=neutral
2024-12-18,flat,high,stable,neutral,trend=flat|vol=high|rates=stable|credit=neutral
2024-12-19,flat,mid,stable,neutral,trend=flat|vol=mid|rates=stable|credit=neutral
2024-12-20,flat,mid,stable,neutral,trend=flat|vol=mid|rates=stable|credit=neutral
2024-12-23,flat,mid,stable,neutral,trend=flat|vol=mid|rates=stable|credit=neutral
2024-12-24,flat,low,stable,neutral,trend=flat|vol=low|rates=stable|credit=neutral
2024-12-26,flat,low,up,risk_on,trend=flat|vol=low|rates=up|credit=risk_on
2024-12-27,flat,low,up,risk_on,trend=flat|vol=low|rates=up|credit=risk_on
2024-12-30,flat,mid,up,risk_on,trend=flat|vol=mid|rates=up|credit=risk_on
2024-12-31,down,mid,up,risk_on,trend=down|vol=mid|rates=up|credit=risk_on
2025-01-02,down,mid,up,risk_on,trend=down|vol=mid|rates=up|credit=risk_on
2025-01-03,flat,mid,up,risk_on,trend=flat|vol=mid|rates=up|credit=risk_on
2025-01-06,flat,mid,up,risk_on,trend=flat|vol=mid|rates=up|credit=risk_on
2025-01-07,down,mid,up,risk_on,trend=down|vol=mid|rates=up|credit=risk_on
2025-01-08,down,mid,up,risk_on,trend=down|vol=mid|rates=up|credit=risk_on
2025-01-09,,,up,,rates=up
2025-01-10,down,mid,up,risk_on,trend=down|vol=mid|rates=up|credit=risk_on
2025-01-13,down,mid,up,risk_on,trend=down|vol=mid|rates=up|credit=risk_on
2025-01-14,down,mid,up,risk_on,trend=down|vol=mid|rates=up|credit=risk_on
2025-01-15,flat,mid,up,risk_on,trend=flat|vol=mid|rates=up|credit=risk_on
2025-01-16,flat,mid,up,risk_on,trend=flat|vol=mid|rates=up|credit=risk_on
2025-01-17,flat,low,up,risk_on,trend=flat|vol=low|rates=up|credit=risk_on
2025-01-21,flat,low,stable,risk_on,trend=flat|vol=low|rates=stable|credit=risk_on
2025-01-22,up,low,stable,risk_on,trend=up|vol=low|rates=stable|credit=risk_on
2025-01-23,up,low,stable,risk_on,trend=up|vol=low|rates=stable|credit=risk_on
2025-01-24,up,low,stable,risk_on,trend=up|vol=low|rates=stable|credit=risk_on
2025-01-27,flat,mid,stable,neutral,trend=flat|vol=mid|rates=stable|credit=neutral
2025-01-28,flat,mid,stable,neutral,trend=flat|vol=mid|rates=stable|credit=neutral
2025-01-29,flat,mid,stable,neutral,trend=flat|vol=mid|rates=stable|credit=neutral
2025-01-30,flat,low,stable,neutral,trend=flat|vol=low|rates=stable|credit=neutral
2025-01-31,up,mid,stable,risk_on,trend=up|vol=mid|rates=stable|credit=risk_on
2025-02-03,flat,mid,stable,neutral,trend=flat|vol=mid|rates=stable|credit=neutral
2025-02-04,up,mid,stable,neutral,trend=up|vol=mid|rates=stable|credit=neutral
2025-02-05,up,low,stable,neutral,trend=up|vol=low|rates=stable|credit=neutral
2025-02-06,flat,low,down,neutral,trend=flat|vol=low|rates=down|credit=neutral
2025-02-07,up,mid,stable,neutral,trend=up|vol=mid|rates=stable|credit=neutral
2025-02-10,up,low,stable,neutral,trend=up|vol=low|rates=stable|credit=neutral
2025-02-11,up,mid,down,neutral,trend=up|vol=mid|rates=down|credit=neutral
2025-02-12,up,low,stable,neutral,trend=up|vol=low|rates=stable|credit=neutral
2025-02-13,up,low,down,neutral,trend=up|vol=low|rates=down|credit=neutral
2025-02-14,up,low,stable,neutral,trend=up|vol=low|rates=stable|credit=neutral
2025-02-18,up,low,stable,neutral,trend=up|vol=low|rates=stable|credit=neutral
2025-02-19,up,low,stable,neutral,trend=up|vol=low|rates=stable|credit=neutral
2025-02-20,flat,low,stable,neutral,trend=flat|vol=low|rates=stable|credit=neutral
2025-02-21,flat,mid,stable,neutral,trend=flat|vol=mid|rates=stable|credit=neutral
2025-02-24,down,mid,down,risk_off,trend=down|vol=mid|rates=down|credit=risk_off
2025-02-25,down,mid,down,risk_off,trend=down|vol=mid|rates=down|credit=risk_off
2025-02-26,flat,mid,down,risk_off,trend=flat|vol=mid|rates=down|credit=risk_off
2025-02-27,down,mid,down,risk_off,trend=down|vol=mid|rates=down|credit=risk_off
2025-02-28,flat,mid,down,risk_off,trend=flat|vol=mid|rates=down|credit=risk_off
2025-03-03,down,mid,down,risk_off,trend=down|vol=mid|rates=down|credit=risk_off
2025-03-04,down,mid,down,risk_off,trend=down|vol=mid|rates=down|credit=risk_off
2025-03-05,down,mid,down,neutral,trend=down|vol=mid|rates=down|credit=neutral
2025-03-06,down,mid,down,risk_off,trend=down|vol=mid|rates=down|credit=risk_off
2025-03-07,down,mid,stable,neutral,trend=down|vol=mid|rates=stable|credit=neutral
2025-03-10,down,high,down,risk_off,trend=down|vol=high|rates=down|credit=risk_off
2025-03-11,down,high,down,neutral,trend=down|vol=high|rates=down|credit=neutral
2025-03-12,down,mid,stable,neutral,trend=down|vol=mid|rates=stable|credit=neutral
2025-03-13,down,mid,down,risk_off,trend=down|vol=mid|rates=down|credit=risk_off
2025-03-14,down,mid,down,risk_off,trend=down|vol=mid|rates=down|credit=risk_off
2025-03-17,down,mid,down,risk_off,trend=down|vol=mid|rates=down|credit=risk_off
2025-03-18,down,mid,stable,risk_off,trend=down|vol=mid|rates=stable|credit=risk_off
2025-03-19,down,mid,down,risk_off,trend=down|vol=mid|rates=down|credit=risk_off
2025-03-20,down,mid,down,risk_off,trend=down|vol=mid|rates=down|credit=risk_off
2025-03-21,down,mid,down,risk_off,trend=down|vol=mid|rates=down|credit=risk_off
2025-03-24,down,mid,stable,neutral,trend=down|vol=mid|rates=stable|credit=neutral
2025-03-25,down,mid,stable,neutral,trend=down|vol=mid|rates=stable|credit=neutral
2025-03-26,down,mid,stable,neutral,trend=down|vol=mid|rates=stable|credit=neutral
2025-03-27,down,mid,stable,neutral,trend=down|vol=mid|rates=stable|credit=neutral
2025-03-28,down,mid,stable,neutral,trend=down|vol=mid|rates=stable|credit=neutral
2025-03-31,down,mid,stable,neutral,trend=down|vol=mid|rates=stable|credit=neutral
2025-04-01,down,mid,stable,neutral,trend=down|vol=mid|rates=stable|credit=neutral
2025-04-02,flat,mid,stable,neutral,trend=flat|vol=mid|rates=stable|credit=neutral
2025-04-03,down,high,down,risk_off,trend=down|vol=high|rates=down|credit=risk_off
2025-04-04,down,high,down,risk_off,trend=down|vol=high|rates=down|credit=risk_off
2025-04-07,down,high,stable,risk_off,trend=down|vol=high|rates=stable|credit=risk_off
2025-04-08,down,high,stable,risk_off,trend=down|vol=high|rates=stable|credit=risk_off
2025-04-09,flat,high,stable,neutral,trend=flat|vol=high|rates=stable|credit=neutral
2025-04-10,down,high,stable,neutral,trend=down|vol=high|rates=stable|credit=neutral
2025-04-11,down,high,up,neutral,trend=down|vol=high|rates=up|credit=neutral
2025-04-14,down,high,stable,neutral,trend=down|vol=high|rates=stable|credit=neutral
2025-04-15,down,high,stable,neutral,trend=down|vol=high|rates=stable|credit=neutral
2025-04-16,down,high,stable,neutral,trend=down|vol=high|rates=stable|credit=neutral
2025-04-17,down,high,stable,neutral,trend=down|vol=high|rates=stable|credit=neutral
2025-04-21,down,high,stable,neutral,trend=down|vol=high|rates=stable|credit=neutral
2025-04-22,down,high,stable,neutral,trend=down|vol=high|rates=stable|credit=neutral
2025-04-23,down,high,stable,neutral,trend=down|vol=high|rates=stable|credit=neutral
2025-04-24,down,high,stable,neutral,trend=down|vol=high|rates=stable|credit=neutral
2025-04-25,down,mid,stable,neutral,trend=down|vol=mid|rates=stable|credit=neutral
2025-04-28,down,high,stable,neutral,trend=down|vol=high|rates=stable|credit=neutral
2025-04-29,flat,mid,stable,neutral,trend=flat|vol=mid|rates=stable|credit=neutral
2025-04-30,flat,mid,stable,neutral,trend=flat|vol=mid|rates=stable|credit=neutral
2025-05-01,flat,mid,stable,neutral,trend=flat|vol=mid|rates=stable|credit=neutral
2025-05-02,flat,mid,stable,risk_on,trend=flat|vol=mid|rates=stable|credit=risk_on
2025-05-05,up,mid,up,risk_on,trend=up|vol=mid|rates=up|credit=risk_on
2025-05-06,up,mid,up,risk_on,trend=up|vol=mid|rates=up|credit=risk_on
2025-05-07,up,mid,stable,risk_on,trend=up|vol=mid|rates=stable|credit=risk_on
2025-05-08,up,mid,stable,risk_on,trend=up|vol=mid|rates=stable|credit=risk_on
2025-05-09,up,mid,stable,risk_on,trend=up|vol=mid|rates=stable|credit=risk_on
2025-05-12,up,mid,stable,risk_on,trend=up|vol=mid|rates=stable|credit=risk_on
2025-05-13,up,mid,stable,risk_on,trend=up|vol=mid|rates=stable|credit=risk_on
2025-05-14,up,mid,stable,risk_on,trend=up|vol=mid|rates=stable|credit=risk_on
2025-05-15,up,mid,stable,risk_on,trend=up|vol=mid|rates=stable|credit=risk_on
2025-05-16,up,mid,stable,risk_on,trend=up|vol=mid|rates=stable|credit=risk_on
2025-05-19,up,mid,stable,risk_on,trend=up|vol=mid|rates=stable|credit=risk_on
2025-05-20,up,mid,stable,risk_on,trend=up|vol=mid|rates=stable|credit=risk_on
2025-05-21,up,mid,stable,risk_on,trend=up|vol=mid|rates=stable|credit=risk_on
2025-05-22,up,mid,stable,risk_on,trend=up|vol=mid|rates=stable|credit=risk_on
2025-05-23,up,mid,stable,risk_on,trend=up|vol=mid|rates=stable|credit=risk_on
2025-05-27,up,mid,stable,risk_on,trend=up|vol=mid|rates=stable|credit=risk_on
2025-05-28,up,mid,up,risk_on,trend=up|vol=mid|rates=up|credit=risk_on
2025-05-29,up,mid,up,risk_on,trend=up|vol=mid|rates=up|credit=risk_on
2025-05-30,up,mid,up,risk_on,trend=up|vol=mid|rates=up|credit=risk_on
2025-06-02,up,mid,up,risk_on,trend=up|vol=mid|rates=up|credit=risk_on
2025-06-03,up,mid,stable,neutral,trend=up|vol=mid|rates=stable|credit=neutral
2025-06-04,up,mid,stable,neutral,trend=up|vol=mid|rates=stable|credit=neutral
2025-06-05,up,mid,stable,neutral,trend=up|vol=mid|rates=stable|credit=neutral
2025-06-06,up,mid,up,risk_on,trend=up|vol=mid|rates=up|credit=risk_on
2025-06-09,up,mid,stable,neutral,trend=up|vol=mid|rates=stable|credit=neutral
2025-06-10,up,mid,stable,neutral,trend=up|vol=mid|rates=stable|credit=neutral
2025-06-11,up,mid,stable,neutral,trend=up|vol=mid|rates=stable|credit=neutral
2025-06-12,up,mid,stable,risk_off,trend=up|vol=mid|rates=stable|credit=risk_off
2025-06-13,flat,mid,stable,risk_off,trend=flat|vol=mid|rates=stable|credit=risk_off
2025-06-16,up,mid,stable,neutral,trend=up|vol=mid|rates=stable|credit=neutral
2025-06-17,flat,mid,stable,neutral,trend=flat|vol=mid|rates=stable|credit=neutral
2025-06-18,flat,mid,stable,neutral,trend=flat|vol=mid|rates=stable|credit=neutral
2025-06-20,flat,mid,stable,neutral,trend=flat|vol=mid|rates=stable|credit=neutral
2025-06-23,up,mid,down,risk_off,trend=up|vol=mid|rates=down|credit=risk_off
2025-06-24,up,mid,down,neutral,trend=up|vol=mid|rates=down|credit=neutral
2025-06-25,up,mid,down,neutral,trend=up|vol=mid|rates=down|credit=neutral
2025-06-26,up,mid,stable,neutral,trend=up|vol=mid|rates=stable|credit=neutral
2025-06-27,up,mid,stable,neutral,trend=up|vol=mid|rates=stable|credit=neutral
2025-06-30,up,mid,stable,neutral,trend=up|vol=mid|rates=stable|credit=neutral
2025-07-01,up,mid,stable,neutral,trend=up|vol=mid|rates=stable|credit=neutral
2025-07-02,up,mid,stable,neutral,trend=up|vol=mid|rates=stable|credit=neutral
2025-07-03,up,mid,stable,neutral,trend=up|vol=mid|rates=stable|credit=neutral
2025-07-07,up,mid,stable,neutral,trend=up|vol=mid|rates=stable|credit=neutral
2025-07-08,up,mid,stable,neutral,trend=up|vol=mid|rates=stable|credit=neutral
2025-07-09,up,low,stable,neutral,trend=up|vol=low|rates=stable|credit=neutral
2025-07-10,up,low,stable,neutral,trend=up|vol=low|rates=stable|credit=neutral
2025-07-11,up,mid,stable,neutral,trend=up|vol=mid|rates=stable|credit=neutral
2025-07-14,up,mid,stable,neutral,trend=up|vol=mid|rates=stable|credit=neutral
2025-07-15,up,mid,stable,risk_on,trend=up|vol=mid|rates=stable|credit=risk_on
2025-07-16,up,mid,stable,neutral,trend=up|vol=mid|rates=stable|credit=neutral
2025-07-17,up,mid,stable,neutral,trend=up|vol=mid|rates=stable|credit=neutral
2025-07-18,up,mid,stable,neutral,trend=up|vol=mid|rates=stable|credit=neutral
2025-07-21,up,mid,stable,neutral,trend=up|vol=mid|rates=stable|credit=neutral
2025-07-22,up,mid,stable,neutral,trend=up|vol=mid|rates=stable|credit=neutral
2025-07-23,up,low,stable,neutral,trend=up|vol=low|rates=stable|credit=neutral
2025-07-24,up,low,stable,neutral,trend=up|vol=low|rates=stable|credit=neutral
2025-07-25,up,low,stable,neutral,trend=up|vol=low|rates=stable|credit=neutral
2025-07-28,up,low,stable,neutral,trend=up|vol=low|rates=stable|credit=neutral
2025-07-29,up,low,stable,neutral,trend=up|vol=low|rates=stable|credit=neutral
2025-07-30,up,low,stable,neutral,trend=up|vol=low|rates=stable|credit=neutral
2025-07-31,up,mid,stable,neutral,trend=up|vol=mid|rates=stable|credit=neutral
2025-08-01,flat,mid,stable,neutral,trend=flat|vol=mid|rates=stable|credit=neutral
2025-08-04,flat,mid,stable,neutral,trend=flat|vol=mid|rates=stable|credit=neutral
2025-08-05,flat,mid,stable,risk_off,trend=flat|vol=mid|rates=stable|credit=risk_off
2025-08-06,up,mid,down,risk_off,trend=up|vol=mid|rates=down|credit=risk_off
2025-08-07,flat,mid,stable,neutral,trend=flat|vol=mid|rates=stable|credit=neutral
2025-08-08,flat,low,stable,neutral,trend=flat|vol=low|rates=stable|credit=neutral
2025-08-11,flat,mid,stable,risk_off,trend=flat|vol=mid|rates=stable|credit=risk_off
2025-08-12,up,low,stable,risk_off,trend=up|vol=low|rates=stable|credit=risk_off
2025-08-13,up,low,down,risk_off,trend=up|vol=low|rates=down|credit=risk_off
2025-08-14,up,low,stable,risk_off,trend=up|vol=low|rates=stable|credit=risk_off
2025-08-15,up,low,stable,risk_off,trend=up|vol=low|rates=stable|credit=risk_off
2025-08-18,up,low,stable,neutral,trend=up|vol=low|rates=stable|credit=neutral
2025-08-19,flat,low,stable,neutral,trend=flat|vol=low|rates=stable|credit=neutral
2025-08-20,flat,low,stable,neutral,trend=flat|vol=low|rates=stable|credit=neutral
2025-08-21,flat,mid,stable,neutral,trend=flat|vol=mid|rates=stable|credit=neutral
2025-08-22,flat,low,stable,neutral,trend=flat|vol=low|rates=stable|credit=neutral
2025-08-25,flat,low,stable,neutral,trend=flat|vol=low|rates=stable|credit=neutral
2025-08-26,flat,low,stable,neutral,trend=flat|vol=low|rates=stable|credit=neutral
2025-08-27,flat,low,stable,neutral,trend=flat|vol=low|rates=stable|credit=neutral
2025-08-28,up,low,stable,neutral,trend=up|vol=low|rates=stable|credit=neutral
2025-08-29,up,low,stable,neutral,trend=up|vol=low|rates=stable|credit=neutral
2025-09-02,up,mid,stable,risk_on,trend=up|vol=mid|rates=stable|credit=risk_on
2025-09-03,flat,mid,stable,neutral,trend=flat|vol=mid|rates=stable|credit=neutral
2025-09-04,up,low,stable,neutral,trend=up|vol=low|rates=stable|credit=neutral
2025-09-05,up,low,stable,neutral,trend=up|vol=low|rates=stable|credit=neutral
2025-09-08,up,low,stable,neutral,trend=up|vol=low|rates=stable|credit=neutral
2025-09-09,up,low,stable,neutral,trend=up|vol=low|rates=stable|credit=neutral
2025-09-10,up,low,down,risk_off,trend=up|vol=low|rates=down|credit=risk_off
2025-09-11,up,low,down,risk_off,trend=up|vol=low|rates=down|credit=risk_off
2025-09-12,flat,low,stable,risk_off,trend=flat|vol=low|rates=stable|credit=risk_off
2025-09-15,up,low,down,risk_off,trend=up|vol=low|rates=down|credit=risk_off
2025-09-16,up,mid,down,risk_off,trend=up|vol=mid|rates=down|credit=risk_off
2025-09-17,up,low,down,risk_off,trend=up|vol=low|rates=down|credit=risk_off
2025-09-18,up,low,stable,neutral,trend=up|vol=low|rates=stable|credit=neutral
2025-09-19,up,low,stable,neutral,trend=up|vol=low|rates=stable|credit=neutral
2025-09-22,up,mid,stable,neutral,trend=up|vol=mid|rates=stable|credit=neutral
2025-09-23,up,mid,stable,neutral,trend=up|vol=mid|rates=stable|credit=neutral
2025-09-24,up,mid,stable,neutral,trend=up|vol=mid|rates=stable|credit=neutral
2025-09-25,up,mid,stable,neutral,trend=up|vol=mid|rates=stable|credit=neutral
2025-09-26,up,low,stable,neutral,trend=up|vol=low|rates=stable|credit=neutral
2025-09-29,up,mid,stable,neutral,trend=up|vol=mid|rates=stable|credit=neutral
2025-09-30,up,mid,stable,neutral,trend=up|vol=mid|rates=stable|credit=neutral
2025-10-01,up,mid,stable,risk_off,trend=up|vol=mid|rates=stable|credit=risk_off
2025-10-02,up,mid,stable,risk_off,trend=up|vol=mid|rates=stable|credit=risk_off
2025-10-03,up,mid,stable,neutral,trend=up|vol=mid|rates=stable|credit=neutral
2025-10-06,up,mid,stable,neutral,trend=up|vol=mid|rates=stable|credit=neutral
2025-10-07,up,mid,stable,neutral,trend=up|vol=mid|rates=stable|credit=neutral
2025-10-08,up,mid,stable,neutral,trend=up|vol=mid|rates=stable|credit=neutral
2025-10-09,up,mid,stable,neutral,trend=up|vol=mid|rates=stable|credit=neutral
2025-10-10,flat,mid,stable,neutral,trend=flat|vol=mid|rates=stable|credit=neutral
2025-10-13,flat,mid,,neutral,trend=flat|vol=mid|credit=neutral
2025-10-14,flat,mid,stable,neutral,trend=flat|vol=mid|rates=stable|credit=neutral
2025-10-15,flat,mid,stable,neutral,trend=flat|vol=mid|rates=stable|credit=neutral
2025-10-16,flat,high,stable,neutral,trend=flat|vol=high|rates=stable|credit=neutral
2025-10-17,flat,mid,stable,neutral,trend=flat|vol=mid|rates=stable|credit=neutral
2025-10-20,flat,mid,stable,risk_off,trend=flat|vol=mid|rates=stable|credit=risk_off
2025-10-21,flat,mid,stable,risk_off,trend=flat|vol=mid|rates=stable|credit=risk_off
2025-10-22,flat,mid,stable,risk_off,trend=flat|vol=mid|rates=stable|credit=risk_off
2025-10-23,flat,mid,stable,risk_off,trend=flat|vol=mid|rates=stable|credit=risk_off
2025-10-24,up,mid,stable,risk_off,trend=up|vol=mid|rates=stable|credit=risk_off
2025-10-27,up,low,stable,risk_off,trend=up|vol=low|rates=stable|credit=risk_off
2025-10-28,up,mid,down,risk_off,trend=up|vol=mid|rates=down|credit=risk_off
2025-10-29,up,mid,stable,neutral,trend=up|vol=mid|rates=stable|credit=neutral
2025-10-30,flat,mid,stable,neutral,trend=flat|vol=mid|rates=stable|credit=neutral
2025-10-31,flat,mid,stable,neutral,trend=flat|vol=mid|rates=stable|credit=neutral
2025-11-03,up,mid,stable,neutral,trend=up|vol=mid|rates=stable|credit=neutral
2025-11-04,flat,mid,stable,neutral,trend=flat|vol=mid|rates=stable|credit=neutral
2025-11-05,flat,mid,stable,neutral,trend=flat|vol=mid|rates=stable|credit=neutral
2025-11-06,flat,mid,stable,neutral,trend=flat|vol=mid|rates=stable|credit=neutral
2025-11-07,flat,mid,stable,neutral,trend=flat|vol=mid|rates=stable|credit=neutral
2025-11-10,up,mid,stable,risk_on,trend=up|vol=mid|rates=stable|credit=risk_on
2025-11-11,up,mid,,neutral,trend=up|vol=mid|credit=neutral
2025-11-12,up,mid,stable,risk_on,trend=up|vol=mid|rates=stable|credit=risk_on
2025-11-13,flat,mid,stable,neutral,trend=flat|vol=mid|rates=stable|credit=neutral
2025-11-14,flat,mid,stable,risk_on,trend=flat|vol=mid|rates=stable|credit=risk_on
2025-11-17,flat,mid,stable,risk_on,trend=flat|vol=mid|rates=stable|credit=risk_on
2025-11-18,flat,mid,stable,risk_on,trend=flat|vol=mid|rates=stable|credit=risk_on
2025-11-19,flat,mid,stable,risk_on,trend=flat|vol=mid|rates=stable|credit=risk_on
2025-11-20,down,high,stable,risk_on,trend=down|vol=high|rates=stable|credit=risk_on
2025-11-21,flat,mid,stable,neutral,trend=flat|vol=mid|rates=stable|credit=neutral
2025-11-24,flat,mid,stable,neutral,trend=flat|vol=mid|rates=stable|credit=neutral
2025-11-25,flat,mid,stable,neutral,trend=flat|vol=mid|rates=stable|credit=neutral
2025-11-26,flat,mid,stable,neutral,trend=flat|vol=mid|rates=stable|credit=neutral
2025-11-28,flat,mid,stable,neutral,trend=flat|vol=mid|rates=stable|credit=neutral
2025-12-01,flat,mid,stable,neutral,trend=flat|vol=mid|rates=stable|credit=neutral
2025-12-02,flat,mid,stable,neutral,trend=flat|vol=mid|rates=stable|credit=neutral
2025-12-03,flat,mid,stable,neutral,trend=flat|vol=mid|rates=stable|credit=neutral
2025-12-04,flat,low,stable,neutral,trend=flat|vol=low|rates=stable|credit=neutral
2025-12-05,flat,low,stable,neutral,trend=flat|vol=low|rates=stable|credit=neutral
2025-12-08,flat,mid,stable,neutral,trend=flat|vol=mid|rates=stable|credit=neutral
2025-12-09,flat,mid,stable,neutral,trend=flat|vol=mid|rates=stable|credit=neutral
2025-12-10,flat,low,stable,neutral,trend=flat|vol=low|rates=stable|credit=neutral
2025-12-11,flat,low,stable,neutral,trend=flat|vol=low|rates=stable|credit=neutral
2025-12-12,flat,low,stable,neutral,trend=flat|vol=low|rates=stable|credit=neutral
2025-12-15,flat,mid,stable,neutral,trend=flat|vol=mid|rates=stable|credit=neutral
2025-12-16,flat,mid,stable,neutral,trend=flat|vol=mid|rates=stable|credit=neutral
2025-12-17,flat,mid,stable,neutral,trend=flat|vol=mid|rates=stable|credit=neutral
2025-12-18,up,mid,stable,neutral,trend=up|vol=mid|rates=stable|credit=neutral
2025-12-19,up,low,stable,neutral,trend=up|vol=low|rates=stable|credit=neutral
2025-12-22,up,low,stable,neutral,trend=up|vol=low|rates=stable|credit=neutral
2025-12-23,up,low,stable,neutral,trend=up|vol=low|rates=stable|credit=neutral
2025-12-24,up,low,stable,neutral,trend=up|vol=low|rates=stable|credit=neutral
2025-12-26,up,low,stable,neutral,trend=up|vol=low|rates=stable|credit=neutral
2025-12-29,flat,low,stable,neutral,trend=flat|vol=low|rates=stable|credit=neutral
2025-12-30,flat,low,stable,neutral,trend=flat|vol=low|rates=stable|credit=neutral
2025-12-31,flat,low,stable,neutral,trend=flat|vol=low|rates=stable|credit=neutral
2026-01-02,flat,low,stable,neutral,trend=flat|vol=low|rates=stable|credit=neutral
2026-01-05,flat,low,stable,neutral,trend=flat|vol=low|rates=stable|credit=neutral
2026-01-06,flat,low,stable,neutral,trend=flat|vol=low|rates=stable|credit=neutral
2026-01-07,flat,low,stable,neutral,trend=flat|vol=low|rates=stable|credit=neutral
2026-01-08,flat,low,stable,neutral,trend=flat|vol=low|rates=stable|credit=neutral
2026-01-09,flat,low,stable,neutral,trend=flat|vol=low|rates=stable|credit=neutral
2026-01-12,flat,low,stable,neutral,trend=flat|vol=low|rates=stable|credit=neutral
2026-01-13,flat,low,stable,neutral,trend=flat|vol=low|rates=stable|credit=neutral
2026-01-14,flat,mid,stable,neutral,trend=flat|vol=mid|rates=stable|credit=neutral
2026-01-15,flat,low,stable,neutral,trend=flat|vol=low|rates=stable|credit=neutral
2026-01-16,up,low,stable,neutral,trend=up|vol=low|rates=stable|credit=neutral
2026-01-20,flat,mid,stable,neutral,trend=flat|vol=mid|rates=stable|credit=neutral
2026-01-21,flat,mid,stable,neutral,trend=flat|vol=mid|rates=stable|credit=neutral
2026-01-22,flat,low,stable,neutral,trend=flat|vol=low|rates=stable|credit=neutral
2026-01-23,flat,mid,stable,neutral,trend=flat|vol=mid|rates=stable|credit=neutral
2026-01-26,flat,mid,stable,neutral,trend=flat|vol=mid|rates=stable|credit=neutral
2026-01-27,flat,mid,stable,neutral,trend=flat|vol=mid|rates=stable|credit=neutral
2026-01-28,flat,mid,stable,neutral,trend=flat|vol=mid|rates=stable|credit=neutral
2026-01-29,flat,mid,stable,neutral,trend=flat|vol=mid|rates=stable|credit=neutral
2026-01-30,flat,mid,stable,neutral,trend=flat|vol=mid|rates=stable|credit=neutral
2026-02-02,flat,mid,stable,neutral,trend=flat|vol=mid|rates=stable|credit=neutral
2026-02-03,flat,mid,stable,neutral,trend=flat|vol=mid|rates=stable|credit=neutral
2026-02-04,flat,mid,stable,neutral,trend=flat|vol=mid|rates=stable|credit=neutral
2026-02-05,down,mid,stable,neutral,trend=down|vol=mid|rates=stable|credit=neutral
2026-02-06,flat,mid,stable,neutral,trend=flat|vol=mid|rates=stable|credit=neutral
2026-02-09,flat,mid,stable,neutral,trend=flat|vol=mid|rates=stable|credit=neutral
2026-02-10,flat,mid,stable,neutral,trend=flat|vol=mid|rates=stable|credit=neutral
2026-02-11,flat,mid,stable,neutral,trend=flat|vol=mid|rates=stable|credit=neutral
2026-02-12,flat,mid,stable,neutral,trend=flat|vol=mid|rates=stable|credit=neutral
2026-02-13,flat,mid,stable,neutral,trend=flat|vol=mid|rates=stable|credit=neutral
2026-02-17,flat,mid,stable,neutral,trend=flat|vol=mid|rates=stable|credit=neutral
2026-02-18,flat,mid,stable,risk_off,trend=flat|vol=mid|rates=stable|credit=risk_off
2026-02-19,flat,mid,down,risk_off,trend=flat|vol=mid|rates=down|credit=risk_off
2026-02-20,flat,mid,stable,neutral,trend=flat|vol=mid|rates=stable|credit=neutral
2026-02-23,flat,mid,down,risk_off,trend=flat|vol=mid|rates=down|credit=risk_off
2026-02-24,flat,mid,down,risk_off,trend=flat|vol=mid|rates=down|credit=risk_off
2026-02-25,flat,mid,stable,neutral,trend=flat|vol=mid|rates=stable|credit=neutral
2026-02-26,flat,mid,down,risk_off,trend=flat|vol=mid|rates=down|credit=risk_off
2026-02-27,flat,mid,down,risk_off,trend=flat|vol=mid|rates=down|credit=risk_off
2026-03-02,flat,mid,stable,neutral,trend=flat|vol=mid|rates=stable|credit=neutral
2026-03-03,flat,mid,down,risk_off,trend=flat|vol=mid|rates=down|credit=risk_off
2026-03-04,flat,mid,down,risk_off,trend=flat|vol=mid|rates=down|credit=risk_off
2026-03-05,flat,mid,stable,risk_off,trend=flat|vol=mid|rates=stable|credit=risk_off
2026-03-06,down,high,stable,risk_off,trend=down|vol=high|rates=stable|credit=risk_off
2026-03-09,flat,high,stable,neutral,trend=flat|vol=high|rates=stable|credit=neutral
2026-03-10,flat,mid,stable,neutral,trend=flat|vol=mid|rates=stable|credit=neutral
2026-03-11,down,mid,stable,neutral,trend=down|vol=mid|rates=stable|credit=neutral
2026-03-12,down,high,stable,neutral,trend=down|vol=high|rates=stable|credit=neutral
2026-03-13,down,high,stable,neutral,trend=down|vol=high|rates=stable|credit=neutral
2026-03-16,flat,mid,stable,neutral,trend=flat|vol=mid|rates=stable|credit=neutral
2026-03-17,flat,mid,stable,neutral,trend=flat|vol=mid|rates=stable|credit=neutral
2026-03-18,down,high,up,risk_on,trend=down|vol=high|rates=up|credit=risk_on
2026-03-19,down,mid,stable,neutral,trend=down|vol=mid|rates=stable|credit=neutral
2026-03-20,down,high,up,risk_on,trend=down|vol=high|rates=up|credit=risk_on
2026-03-23,down,high,up,neutral,trend=down|vol=high|rates=up|credit=neutral
2026-03-24,down,high,up,risk_on,trend=down|vol=high|rates=up|credit=risk_on
2026-03-25,down,high,up,risk_on,trend=down|vol=high|rates=up|credit=risk_on
2026-03-26,down,high,up,risk_on,trend=down|vol=high|rates=up|credit=risk_on
2026-03-27,down,high,up,risk_on,trend=down|vol=high|rates=up|credit=risk_on
2026-03-30,down,high,up,neutral,trend=down|vol=high|rates=up|credit=neutral
2026-03-31,down,high,up,neutral,trend=down|vol=high|rates=up|credit=neutral
2026-04-01,down,mid,up,risk_on,trend=down|vol=mid|rates=up|credit=risk_on
2026-04-02,down,mid,up,neutral,trend=down|vol=mid|rates=up|credit=neutral
2026-04-03,,,up,,rates=up
2026-04-06,down,mid,stable,risk_on,trend=down|vol=mid|rates=stable|credit=risk_on
2026-04-07,flat,high,up,risk_on,trend=flat|vol=high|rates=up|credit=risk_on
2026-04-08,flat,mid,stable,risk_on,trend=flat|vol=mid|rates=stable|credit=risk_on
2026-04-09,flat,mid,stable,neutral,trend=flat|vol=mid|rates=stable|credit=neutral
2026-04-10,flat,mid,stable,neutral,trend=flat|vol=mid|rates=stable|credit=neutral
2026-04-13,up,mid,stable,neutral,trend=up|vol=mid|rates=stable|credit=neutral
2026-04-14,up,mid,stable,neutral,trend=up|vol=mid|rates=stable|credit=neutral
2026-04-15,up,mid,stable,neutral,trend=up|vol=mid|rates=stable|credit=neutral
2026-04-16,up,mid,stable,neutral,trend=up|vol=mid|rates=stable|credit=neutral
2026-04-17,up,mid,stable,neutral,trend=up|vol=mid|rates=stable|credit=neutral
2026-04-20,up,mid,stable,neutral,trend=up|vol=mid|rates=stable|credit=neutral
2026-04-21,up,mid,stable,neutral,trend=up|vol=mid|rates=stable|credit=neutral
2026-04-22,up,mid,stable,neutral,trend=up|vol=mid|rates=stable|credit=neutral
2026-04-23,up,mid,stable,neutral,trend=up|vol=mid|rates=stable|credit=neutral
2026-04-24,up,mid,stable,neutral,trend=up|vol=mid|rates=stable|credit=neutral
2026-04-27,up,mid,stable,neutral,trend=up|vol=mid|rates=stable|credit=neutral
2026-04-28,up,mid,stable,neutral,trend=up|vol=mid|rates=stable|credit=neutral
2026-04-29,up,mid,stable,risk_on,trend=up|vol=mid|rates=stable|credit=risk_on
2026-04-30,up,mid,stable,risk_on,trend=up|vol=mid|rates=stable|credit=risk_on
2026-05-01,up,mid,stable,risk_on,trend=up|vol=mid|rates=stable|credit=risk_on
2026-05-04,up,mid,stable,risk_on,trend=up|vol=mid|rates=stable|credit=risk_on
2026-05-05,up,mid,stable,neutral,trend=up|vol=mid|rates=stable|credit=neutral
2026-05-06,up,mid,stable,neutral,trend=up|vol=mid|rates=stable|credit=neutral
2026-05-07,up,mid,stable,neutral,trend=up|vol=mid|rates=stable|credit=neutral
2026-05-08,up,mid,stable,neutral,trend=up|vol=mid|rates=stable|credit=neutral
2026-05-11,up,mid,stable,neutral,trend=up|vol=mid|rates=stable|credit=neutral
2026-05-12,up,mid,stable,neutral,trend=up|vol=mid|rates=stable|credit=neutral
2026-05-13,up,mid,up,neutral,trend=up|vol=mid|rates=up|credit=neutral
2026-05-14,up,mid,stable,neutral,trend=up|vol=mid|rates=stable|credit=neutral
2026-05-15,up,mid,up,neutral,trend=up|vol=mid|rates=up|credit=neutral
2026-05-18,up,mid,up,neutral,trend=up|vol=mid|rates=up|credit=neutral
2026-05-19,up,mid,up,risk_on,trend=up|vol=mid|rates=up|credit=risk_on
2026-05-20,,mid,up,risk_on,vol=mid|rates=up|credit=risk_on
